Income,Age,Total_Spent,Total_Purchases,Total_Children,Tenure,Recency,NumWebVisitsMonth
58138.0,69,1617,25,0,4867,58,7
46344.0,72,27,6,2,4317,38,5
71613.0,61,776,21,0,4516,26,4
26646.0,42,53,8,1,4343,26,6
58293.0,45,422,19,1,4365,94,5
62513.0,59,716,22,1,4497,16,6
55635.0,55,590,21,1,4797,34,6
33454.0,41,169,10,1,4621,32,8
30351.0,52,46,6,1,4592,19,9
5648.0,76,49,2,2,4312,68,20
7500.0,50,61,6,0,4797,59,8
63033.0,67,1102,16,0,4430,82,2
59354.0,74,310,15,2,4430,53,6
17323.0,39,46,5,0,4831,38,8
82800.0,80,1315,26,0,4786,23,3
41850.0,46,96,9,2,4756,51,8
37760.0,80,317,13,0,4871,20,7
76995.0,77,1782,26,1,4662,91,5
33812.0,41,133,8,1,4807,86,6
37040.0,44,316,12,0,4894,41,8
2447.0,47,1730,43,1,4743,42,1
58607.0,77,972,17,1,4757,63,8
65324.0,72,544,20,1,4373,0,4
40689.0,75,444,20,1,4672,69,8
18589.0,57,75,8,0,4747,89,7
53359.0,50,257,14,2,4602,4,7
38360.0,37,131,9,1,4598,26,3
84618.0,61,1672,26,0,4423,96,2
10979.0,37,30,8,0,4242,34,5
38620.0,63,318,11,0,4618,56,3
40548.0,56,120,9,1,4831,31,5
46610.0,74,302,17,2,4812,8,6
68657.0,80,1196,18,0,4698,4,7
49389.0,75,65,6,2,4508,55,7
67353.0,56,913,28,1,4384,37,2
23718.0,50,81,9,1,4504,76,7
42429.0,53,67,7,1,4342,99,5
48948.0,83,902,24,0,4717,53,6
80011.0,46,1395,21,1,4630,3,4
20559.0,41,53,7,1,4678,88,8
21994.0,69,22,4,1,4756,4,5
7500.0,51,31,8,1,4474,19,5
79941.0,50,984,16,0,4205,72,1
7500.0,30,122,10,0,4801,24,9
41728.0,58,55,5,1,4605,92,10
72550.0,72,1319,28,2,4802,39,8
65486.0,69,507,17,1,4252,29,2
79143.0,62,1693,29,0,4891,2,3
35790.0,49,72,7,1,4747,54,7
82582.0,49,1617,21,0,4226,54,1
66373.0,48,606,23,2,4586,57,3
82384.0,71,1957,27,0,4791,55,1
70287.0,60,1093,21,0,4657,30,3
27938.0,38,29,6,1,4266,31,3
55954.0,58,518,19,1,4322,63,7
75777.0,44,1438,21,0,4564,12,1
66653.0,51,612,22,2,4864,18,3
61823.0,74,884,24,1,4700,26,7
67680.0,75,606,19,1,4587,8,5
70666.0,78,1076,16,0,4409,29,4
25721.0,55,34,5,1,4608,75,7
32474.0,59,11,4,2,4253,0,7
88194.0,47,1274,32,1,4306,19,5
69096.0,68,653,18,1,4479,4,4
74854.0,56,1562,19,3,4651,90,5
66991.0,72,1253,21,0,4860,1,3
65031.0,67,863,30,1,4673,29,7
60631.0,51,661,24,2,4654,88,7
28332.0,74,65,8,0,4264,58,2
40246.0,49,13,4,1,4761,68,6
75251.0,54,1890,19,0,4875,34,5
75825.0,50,2209,22,0,4829,40,4
26326.0,50,18,4,0,4502,12,3
56046.0,61,692,21,0,4747,9,8
29760.0,41,165,12,1,4873,87,8
26304.0,57,16,4,1,4575,5,7
23559.0,53,79,9,1,4565,87,7
38620.0,63,318,11,0,4618,56,3
81361.0,39,778,27,0,4328,18,1
29440.0,66,56,7,2,4526,95,7
36138.0,56,151,13,2,4552,48,7
50388.0,69,372,17,1,4236,3,7
79593.0,53,1366,19,0,4252,70,2
54178.0,59,194,10,1,4363,79,2
42394.0,54,32,5,1,4302,69,7
23626.0,56,43,10,1,4240,84,5
30096.0,43,45,6,1,4242,30,6
47916.0,66,606,22,1,4788,72,6
51813.0,54,63,7,2,4648,37,7
78497.0,75,978,25,0,4414,44,2
50150.0,43,410,16,0,4578,32,5
47823.0,66,72,7,1,4545,0,8
34554.0,67,55,7,1,4295,43,6
85693.0,47,1169,27,1,4639,59,5
65846.0,81,1120,16,0,4612,68,4
87195.0,67,1097,20,0,4256,35,1
24594.0,47,29,5,1,4405,94,5
49096.0,62,187,13,2,4482,15,7
52413.0,57,910,26,2,4716,56,6
38557.0,48,145,9,1,4761,17,7
89058.0,66,850,14,0,4773,18,2
77298.0,47,969,24,1,4443,46,3
68126.0,35,1820,17,0,4800,40,9
57288.0,63,608,20,1,4208,27,6
86037.0,35,730,25,0,4747,95,3
43974.0,46,551,21,1,4768,19,7
50785.0,64,114,8,2,4496,27,6
90765.0,56,1724,15,0,4360,25,1
36550.0,48,577,20,1,4699,74,9
30753.0,59,81,7,2,4557,85,5
21918.0,57,33,7,1,4431,37,6
56129.0,73,660,22,1,4578,65,4
32557.0,59,80,9,1,4329,13,5
19510.0,41,30,6,2,4502,63,7
30992.0,50,43,5,1,4637,83,7
101970.0,43,1135,27,0,4678,69,2
71488.0,61,559,16,0,4700,87,1
79607.0,42,1923,16,0,4638,37,1
54348.0,73,90,8,2,4225,51,6
77376.0,70,661,23,2,4254,72,4
62998.0,74,463,19,1,4476,10,5
61331.0,68,632,23,2,4680,42,8
73448.0,57,725,19,0,4343,10,4
41551.0,62,279,16,2,4523,51,8
62981.0,59,1482,23,0,4673,21,3
9548.0,50,29,6,1,4894,31,8
33762.0,67,106,9,3,4561,61,8
35860.0,53,49,6,2,4245,37,5
36921.0,61,38,7,2,4540,74,7
92859.0,34,2077,22,0,4822,46,2
65104.0,50,1053,17,1,4431,4,7
86111.0,64,1385,23,0,4640,73,2
68352.0,52,871,25,1,4509,47,6
41883.0,38,312,12,1,4671,13,7
59809.0,50,877,15,2,4823,36,8
23957.0,51,68,6,1,4813,47,6
38547.0,45,22,4,1,4509,49,8
35688.0,53,211,16,3,4880,94,8
49605.0,60,127,8,0,4212,65,3
59354.0,73,459,16,2,4270,59,3
65747.0,57,460,19,1,4318,96,6
46344.0,54,429,17,1,4766,28,7
34176.0,38,89,11,1,4252,12,6
61010.0,74,1021,26,1,4832,57,5
69372.0,77,1381,21,0,4699,10,4
49967.0,68,306,15,1,4560,4,7
60199.0,48,18,4,3,4494,49,4
55375.0,49,162,9,1,4459,3,2
80317.0,71,1231,18,0,4517,64,1
30523.0,68,13,4,3,4567,0,7
70356.0,81,1706,27,0,4805,20,6
23228.0,42,121,11,1,4379,91,8
74165.0,51,1293,20,0,4628,9,2
157243.0,53,1608,37,1,4324,98,0
43482.0,60,88,9,3,4432,83,6
62551.0,73,421,18,0,4427,27,3
52332.0,67,259,12,0,4509,63,4
66951.0,38,1117,15,0,4443,46,1
26091.0,69,89,9,2,4328,84,5
33456.0,61,36,6,2,4273,58,7
28718.0,44,57,7,1,4555,78,8
50447.0,56,148,8,2,4273,4,6
53537.0,67,93,8,2,4354,17,5
52074.0,59,119,7,1,4290,77,4
80427.0,51,1835,28,1,4859,56,5
83837.0,78,1318,25,0,4764,79,4
38853.0,56,45,7,2,4241,90,7
38285.0,67,10,4,3,4209,96,2
78497.0,75,978,25,0,4414,44,2
51650.0,50,191,10,1,4253,81,5
16248.0,38,57,9,1,4254,77,6
66835.0,80,1033,24,0,4478,21,2
30477.0,42,66,6,1,4362,16,6
28249.0,65,43,6,0,4218,80,6
25271.0,43,50,5,1,4775,45,9
32303.0,56,39,7,1,4317,63,5
61286.0,60,608,18,1,4535,34,5
74068.0,50,1581,24,0,4671,14,2
45759.0,62,68,7,2,4695,13,7
24882.0,48,80,5,1,4862,52,6
66973.0,37,1282,28,0,4612,98,3
38872.0,38,91,8,1,4599,93,8
51148.0,53,315,16,2,4700,38,6
31353.0,49,31,6,2,4386,24,8
69661.0,46,834,23,0,4251,80,3
80067.0,72,1600,17,0,4487,82,2
86718.0,72,1270,17,0,4732,20,2
46854.0,53,263,15,2,4294,81,8
69142.0,74,535,19,1,4204,50,5
75922.0,58,1295,18,0,4406,60,1
63693.0,48,1150,29,1,4462,63,6
102160.0,49,1240,26,0,4808,54,4
40637.0,61,38,6,2,4551,72,7
18890.0,42,35,4,0,4800,5,6
29604.0,38,53,5,1,4407,88,9
48721.0,63,293,17,2,4616,50,6
44794.0,60,65,6,1,4225,99,6
64497.0,72,1804,29,1,4861,17,8
46097.0,70,241,15,1,4659,11,4
77972.0,72,1101,20,0,4307,18,1
44377.0,58,264,19,2,4836,70,8
46014.0,52,541,26,2,4728,21,7
70951.0,41,1198,17,0,4625,66,1
41443.0,49,482,20,1,4293,79,8
52195.0,48,17,4,3,4252,2,8
83790.0,78,1615,25,0,4430,81,3
44551.0,72,285,12,1,4506,24,7
69508.0,46,1135,28,1,4796,48,6
45204.0,38,114,7,1,4283,93,3
72460.0,57,1047,16,0,4431,56,1
77622.0,56,714,22,2,4280,3,3
30732.0,46,185,13,1,4744,44,8
63887.0,64,1245,32,1,4863,38,6
42011.0,48,189,12,1,4664,46,8
51369.0,50,576,16,1,4816,84,8
51537.0,74,1103,18,1,4771,27,8
79930.0,54,1753,17,0,4894,72,2
34320.0,40,17,4,1,4337,66,8
37070.0,60,433,23,2,4670,30,7
81975.0,64,1588,14,1,4744,2,7
38590.0,55,22,4,1,4614,65,8
15033.0,75,19,5,0,4278,37,3
62745.0,61,1117,29,1,4667,89,5
22212.0,51,69,8,1,4406,49,6
23661.0,44,23,5,1,4411,46,7
79761.0,68,605,19,1,4472,32,3
7500.0,53,57,11,1,4389,54,7
73455.0,58,2088,22,0,4448,98,3
64961.0,68,1009,16,1,4757,97,3
22804.0,55,26,5,1,4537,75,9
73687.0,36,1627,22,0,4417,8,2
61074.0,68,1102,31,1,4885,37,7
31686.0,62,17,6,2,4228,31,6
80134.0,54,1690,16,1,4609,40,6
75027.0,73,1390,21,1,4740,74,5
67546.0,38,2126,20,0,4871,90,3
65176.0,57,1531,25,1,4812,57,6
31160.0,51,64,7,1,4490,59,8
29938.0,41,26,6,1,4449,52,6
102692.0,52,1112,29,0,4654,5,2
26490.0,68,210,11,0,4849,92,6
75702.0,59,1148,26,2,4873,77,8
30899.0,52,33,6,1,4828,35,6
63342.0,65,1101,19,1,4825,48,6
45989.0,62,322,16,1,4819,97,3
18701.0,62,44,10,2,4594,95,5
40737.0,69,17,4,3,4407,24,8
15287.0,47,31,6,1,4831,60,7
69674.0,58,845,25,2,4607,46,5
44159.0,56,275,15,1,4216,85,5
37717.0,48,25,4,1,4787,31,9
43776.0,74,275,17,2,4715,9,8
38179.0,60,90,11,2,4676,30,7
80124.0,63,1495,19,0,4207,47,1
38097.0,56,184,11,2,4826,70,7
72940.0,56,981,13,0,4579,13,1
22070.0,56,67,8,1,4472,11,6
69267.0,73,1635,14,0,4849,31,7
31788.0,43,60,10,1,4305,15,5
61905.0,51,231,12,1,4349,2,5
29315.0,66,48,10,2,4288,55,6
33378.0,63,99,9,2,4712,38,7
66313.0,63,770,23,1,4490,86,4
60714.0,70,957,23,0,4732,56,5
77882.0,45,818,12,0,4264,29,1
69867.0,40,925,17,0,4657,30,1
63841.0,58,908,22,1,4638,64,6
24480.0,45,102,10,1,4707,46,7
51369.0,50,576,16,1,4816,84,8
37760.0,80,317,13,0,4871,20,7
65640.0,52,461,15,1,4324,74,2
44319.0,51,37,7,2,4277,18,5
30631.0,52,70,7,1,4556,75,7
75278.0,74,930,23,0,4720,17,3
50898.0,70,859,33,2,4741,88,5
79946.0,60,1478,22,0,4252,19,3
35416.0,77,390,16,0,4585,62,8
32414.0,42,52,5,0,4564,11,7
38361.0,57,137,10,1,4388,74,7
82497.0,46,1919,19,0,4810,32,4
16626.0,55,68,9,2,4369,76,9
29672.0,61,25,4,2,4678,6,6
55951.0,74,1374,23,1,4879,62,8
35388.0,38,32,5,1,4683,20,7
42386.0,40,100,7,1,4736,43,8
68627.0,44,825,12,0,4737,45,1
57912.0,61,916,28,1,4308,34,5
35246.0,68,62,11,2,4278,53,5
58821.0,70,728,21,1,4464,44,6
46377.0,48,90,7,1,4324,89,4
39747.0,38,273,13,1,4281,43,8
23976.0,42,66,10,1,4388,68,7
80950.0,65,1213,23,0,4662,44,2
27038.0,60,107,7,0,4853,64,9
77457.0,79,1157,18,0,4320,85,1
64100.0,62,546,18,1,4496,93,7
42670.0,34,241,11,0,4632,12,4
12571.0,50,53,11,1,4366,86,6
22574.0,59,37,7,3,4448,28,7
70893.0,50,1508,23,0,4712,42,3
54198.0,60,235,16,2,4398,13,4
28839.0,70,32,7,2,4314,86,5
40321.0,54,102,8,2,4539,59,7
66503.0,41,401,15,1,4888,30,3
30833.0,75,28,6,2,4552,33,5
64795.0,55,680,21,1,4732,23,2
34421.0,52,30,4,1,4567,81,7
47025.0,61,20,4,2,4344,6,7
64325.0,65,1307,23,1,4711,41,7
40464.0,73,630,24,1,4738,78,8
62187.0,69,1283,18,0,4563,49,3
14849.0,50,65,9,1,4566,39,8
27255.0,42,37,5,1,4438,3,7
54432.0,76,38,5,3,4620,37,4
29999.0,40,160,12,1,4705,22,8
24072.0,43,23,4,1,4643,79,8
33996.0,37,71,6,0,4495,46,4
66334.0,70,1161,19,1,4656,82,5
35178.0,55,59,5,1,4739,10,7
22010.0,43,33,7,1,4568,51,8
62204.0,66,946,22,2,4859,38,3
75693.0,58,1442,22,0,4774,10,4
30675.0,54,62,5,1,4798,14,8
83003.0,61,1674,22,0,4687,18,3
68655.0,38,1538,21,0,4892,95,3
41411.0,40,139,8,0,4408,11,6
55212.0,57,1182,20,1,4787,65,8
59292.0,76,507,18,1,4585,71,3
27190.0,53,18,4,1,4522,13,8
82623.0,74,940,16,0,4435,58,1
44300.0,61,42,6,2,4575,65,6
84835.0,56,1190,15,0,4217,0,1
30372.0,55,44,8,2,4755,33,7
33181.0,50,16,4,1,4381,90,6
71113.0,69,835,26,1,4398,95,4
71952.0,40,1443,22,1,4739,93,4
69759.0,60,1029,18,0,4448,38,3
72099.0,52,1188,18,0,4814,18,1
60000.0,50,1277,24,1,4758,57,6
38643.0,48,49,7,2,4416,45,7
50737.0,71,99,7,1,4618,61,6
68462.0,57,1670,15,0,4768,6,1
65073.0,83,900,14,0,4517,65,2
46681.0,78,425,16,2,4468,52,5
78618.0,69,2153,22,0,4843,87,2
62187.0,57,636,21,1,4303,38,4
28442.0,48,57,10,2,4329,53,4
37717.0,48,25,4,1,4787,31,9
51479.0,59,494,22,2,4752,67,7
54803.0,57,693,19,1,4881,65,4
79530.0,66,1348,26,0,4612,64,2
31615.0,50,51,7,1,4674,82,7
72025.0,64,1932,16,0,4793,27,3
52614.0,51,990,16,1,4779,63,8
35684.0,42,30,5,1,4272,66,6
48178.0,51,254,16,2,4813,69,8
29548.0,56,29,5,1,4508,52,4
63810.0,60,1371,23,1,4799,45,8
38578.0,54,73,9,2,4576,2,8
46098.0,51,120,11,2,4884,86,8
22585.0,56,81,5,0,4672,23,9
30279.0,37,37,5,1,4750,13,8
66426.0,65,1377,20,1,4474,14,6
30822.0,57,51,5,1,4584,92,7
33581.0,57,17,4,2,4741,38,8
19986.0,41,22,4,1,4431,74,7
27421.0,72,324,14,0,4768,14,7
35688.0,53,211,16,3,4880,94,8
36143.0,45,19,4,1,4295,33,3
10245.0,55,41,8,1,4614,32,5
43795.0,58,492,17,1,4460,11,7
63381.0,66,1005,26,1,4836,78,2
38823.0,77,114,7,1,4872,56,6
83664.0,58,1173,19,2,4621,57,5
90300.0,47,1738,19,0,4381,7,1
62499.0,47,222,12,1,4406,0,4
74293.0,33,1127,16,0,4260,66,2
51012.0,80,209,10,0,4641,86,6
70777.0,58,787,23,1,4328,80,3
68682.0,35,1598,24,0,4470,56,2
43824.0,55,186,12,2,4856,18,8
15345.0,42,47,6,1,4871,51,8
23442.0,39,27,5,1,4756,71,7
14515.0,46,96,11,1,4801,71,7
31395.0,70,64,10,2,4667,80,6
75276.0,61,1040,23,0,4844,2,5
42373.0,52,163,13,2,4522,83,5
30507.0,66,343,11,0,4679,29,7
55521.0,71,446,24,3,4454,11,7
48006.0,61,41,5,2,4224,55,6
27213.0,54,70,9,1,4872,19,8
65808.0,55,272,14,2,4234,1,6
30351.0,52,46,6,1,4592,19,9
50437.0,63,490,19,2,4824,28,7
23616.0,44,79,8,1,4793,76,8
53858.0,50,915,17,1,4801,50,4
66465.0,71,1485,35,1,4660,1,6
46923.0,39,369,16,1,4880,90,7
75072.0,64,1073,19,1,4726,83,3
75865.0,83,1242,19,0,4294,73,1
19789.0,51,78,9,1,4425,24,5
80134.0,32,1378,21,0,4339,11,5
91065.0,45,1474,26,0,4696,33,3
49505.0,55,751,29,2,4685,4,8
37401.0,53,48,7,1,4258,14,7
30096.0,43,45,6,1,4242,30,6
18492.0,44,10,4,1,4228,75,8
82584.0,52,1435,16,0,4594,26,1
93027.0,85,2119,22,0,4646,77,2
48686.0,73,20,4,3,4411,8,8
92910.0,40,1795,27,0,4270,42,1
75433.0,37,1188,19,1,4289,28,6
10404.0,37,43,7,1,4260,52,5
61314.0,58,1008,24,1,4634,1,3
84865.0,65,1688,16,0,4620,1,4
42387.0,37,684,21,1,4812,42,8
67309.0,59,1082,39,2,4726,76,7
75236.0,62,1068,25,1,4420,27,4
30015.0,56,57,7,1,4351,28,5
50943.0,70,46,5,1,4577,49,5
67272.0,60,733,23,1,4394,12,5
51529.0,77,467,17,1,4499,14,8
32011.0,55,122,10,1,4515,89,7
7500.0,40,36,7,1,4711,96,8
28691.0,37,34,5,1,4564,56,8
56223.0,78,156,10,1,4395,72,4
18100.0,80,14,4,0,4531,14,5
30279.0,37,37,5,1,4750,13,8
20130.0,52,34,5,0,4308,99,8
23295.0,67,20,4,0,4555,72,8
42618.0,54,192,11,1,4467,92,8
81246.0,62,1379,17,0,4386,87,1
24027.0,50,48,7,1,4589,7,8
55707.0,73,428,16,1,4393,91,3
57959.0,71,868,27,1,4627,71,3
56796.0,57,1001,27,1,4702,24,7
36230.0,55,59,7,1,4459,17,5
70829.0,46,431,16,2,4414,87,3
65991.0,50,971,27,1,4864,21,7
38988.0,54,348,19,3,4882,90,8
89572.0,60,2059,24,0,4856,44,4
42207.0,42,265,14,1,4658,71,6
50300.0,74,270,13,1,4239,52,2
66664.0,44,1289,19,0,4846,78,3
60597.0,62,893,16,1,4383,2,7
70165.0,77,926,22,0,4484,60,1
50520.0,68,135,9,1,4356,25,6
80124.0,63,1495,19,0,4207,47,1
33183.0,51,120,9,1,4329,46,7
66582.0,57,1288,20,0,4322,83,1
75261.0,71,1743,17,0,4636,17,2
31880.0,56,15,4,1,4810,13,8
53790.0,75,542,20,2,4319,86,6
49269.0,55,890,25,1,4887,92,7
61456.0,51,1388,33,1,4663,47,4
37406.0,46,17,4,1,4466,18,8
56937.0,45,906,30,1,4898,81,6
38415.0,48,44,6,2,4747,91,7
20518.0,38,25,5,1,4246,58,5
62503.0,70,973,26,1,4700,40,5
41644.0,54,31,6,2,4255,67,3
55842.0,49,518,17,1,4241,19,5
62010.0,54,530,19,1,4818,93,5
41124.0,49,506,21,1,4810,41,8
38961.0,53,70,6,1,4385,60,7
37760.0,54,54,6,1,4526,54,6
32233.0,52,296,12,1,4883,26,9
43057.0,51,266,15,1,4446,30,5
83151.0,66,747,19,0,4831,93,3
78825.0,62,895,29,0,4857,35,3
65104.0,50,1053,17,1,4431,4,7
60093.0,52,735,21,1,4572,92,6
14045.0,57,20,5,1,4358,24,7
28457.0,74,205,10,0,4813,96,8
78952.0,68,2092,21,1,4847,11,6
46310.0,50,309,14,1,4777,99,8
76005.0,71,1722,22,0,4696,72,6
58308.0,62,900,15,1,4737,77,8
55614.0,82,682,20,0,4418,85,7
59432.0,64,663,22,1,4646,88,5
55563.0,48,43,6,1,4289,22,3
78642.0,55,1816,18,1,4638,83,6
67911.0,77,976,27,1,4242,63,3
65275.0,82,746,21,0,4656,9,2
27203.0,76,64,6,2,4896,92,8
48330.0,65,32,5,1,4430,2,5
24279.0,36,263,9,0,4751,6,8
64355.0,41,1445,21,1,4878,66,8
50943.0,70,46,5,1,4577,49,5
53653.0,73,1210,28,0,4803,29,6
65665.0,50,945,24,1,4413,77,3
81217.0,37,1157,22,0,4549,77,1
34935.0,34,137,8,0,4577,71,7
61250.0,67,730,25,1,4764,49,5
39665.0,45,216,12,1,4604,97,7
60152.0,47,943,23,1,4662,6,3
48920.0,62,347,16,2,4456,93,7
89120.0,67,1924,19,0,4308,78,1
44124.0,80,397,17,1,4618,62,8
81169.0,51,2089,22,0,4645,47,2
36443.0,65,138,11,2,4715,9,8
26095.0,36,42,5,1,4568,77,7
71367.0,67,777,17,0,4514,24,2
80184.0,82,1902,20,0,4324,19,3
30630.0,61,52,7,2,4357,67,7
73454.0,39,1651,13,0,4324,95,5
42691.0,35,358,13,0,4521,48,5
70503.0,73,1727,16,0,4841,73,6
25545.0,39,210,10,1,4863,35,6
32880.0,40,42,5,1,4776,76,8
77863.0,68,1291,20,0,4418,20,2
50353.0,49,442,15,0,4225,72,3
61839.0,62,1895,17,0,4890,20,8
49154.0,66,411,19,2,4442,69,6
47682.0,51,521,19,1,4703,80,5
72679.0,57,1168,17,1,4488,65,1
57954.0,49,493,23,2,4215,52,7
65316.0,64,260,12,2,4635,65,4
28567.0,44,46,7,1,4581,57,6
47352.0,75,319,16,1,4648,70,7
44931.0,59,96,7,1,4366,0,5
76982.0,59,1062,16,0,4338,19,4
57247.0,74,232,12,1,4529,50,2
22944.0,45,76,9,1,4392,67,7
25315.0,49,54,9,1,4438,46,8
43638.0,57,201,11,1,4896,37,7
42710.0,42,406,14,1,4782,38,6
84169.0,44,1919,20,0,4530,9,3
54058.0,50,662,20,1,4594,56,3
24683.0,36,41,8,1,4317,98,5
85620.0,62,1600,14,0,4377,68,1
47850.0,46,134,8,1,4412,72,6
19514.0,58,69,10,2,4358,47,8
27159.0,53,21,6,2,4296,33,6
39548.0,63,54,7,2,4294,87,3
21474.0,37,91,8,1,4286,0,7
60504.0,55,526,18,1,4346,73,6
22419.0,63,162,8,0,4641,74,8
81698.0,77,1008,25,0,4439,4,1
43462.0,74,240,16,2,4859,50,8
54880.0,48,795,21,1,4689,57,5
79908.0,44,1772,19,0,4654,30,2
15315.0,56,64,8,0,4534,27,5
87771.0,67,1957,20,1,4607,61,6
33039.0,48,78,7,1,4497,4,5
81741.0,46,1572,19,0,4582,75,2
71499.0,55,795,26,1,4573,12,4
62466.0,56,889,26,1,4369,13,4
48799.0,63,331,15,1,4440,9,3
52157.0,76,265,12,1,4226,48,4
66565.0,64,1065,19,1,4775,80,8
29298.0,75,11,4,2,4499,60,5
47691.0,47,21,4,1,4563,43,6
38200.0,56,17,4,2,4773,19,7
44989.0,52,369,16,1,4859,26,6
38443.0,58,38,6,2,4357,58,7
38593.0,48,177,11,1,4493,42,8
64413.0,56,279,12,1,4536,27,5
36959.0,45,62,7,1,4474,56,8
61996.0,49,1230,21,1,4718,27,5
51287.0,58,182,11,2,4293,10,7
13260.0,56,49,10,2,4514,48,8
47472.0,60,75,8,2,4490,39,5
54603.0,70,227,16,2,4559,85,7
45207.0,52,215,15,2,4800,64,6
40689.0,75,444,20,1,4672,69,8
47821.0,59,47,5,2,4456,54,8
27450.0,75,143,7,0,4644,57,7
39453.0,43,55,7,1,4291,64,6
26850.0,55,63,11,2,4276,10,4
79800.0,71,1867,22,0,4848,65,3
61794.0,65,611,20,1,4492,74,2
53863.0,71,473,18,1,4247,4,7
24221.0,67,55,6,0,4517,94,4
39684.0,42,81,7,1,4829,41,7
92163.0,51,2086,21,0,4768,25,2
69882.0,61,1478,20,0,4435,94,1
33178.0,49,49,5,1,4354,9,4
59973.0,54,382,15,0,4495,47,1
17459.0,51,69,9,1,4487,12,7
23910.0,57,67,6,1,4815,80,7
42169.0,57,30,6,2,4457,20,8
26224.0,48,63,9,1,4594,39,6
31089.0,45,79,10,1,4885,57,8
30081.0,65,42,5,1,4697,27,7
62807.0,66,819,23,1,4871,83,5
72906.0,71,1151,17,0,4489,79,1
61467.0,78,594,20,2,4771,69,5
49618.0,60,129,11,2,4723,77,7
21888.0,40,213,12,1,4751,15,10
42429.0,53,67,7,1,4342,99,5
26150.0,70,28,5,3,4679,61,7
30801.0,51,45,6,1,4815,23,7
81168.0,61,1193,18,0,4257,84,3
26877.0,57,268,12,0,4518,74,6
45006.0,82,266,12,0,4550,90,3
18978.0,53,37,5,1,4769,41,8
22574.0,59,37,7,3,4448,28,7
48240.0,57,882,25,0,4801,73,5
45837.0,52,373,18,2,4542,88,7
35791.0,61,35,6,3,4623,94,8
162397.0,50,107,1,2,4595,31,1
54162.0,48,42,5,2,4672,31,4
30522.0,66,326,17,1,4885,6,2
54456.0,65,404,17,1,4557,23,6
31632.0,55,95,6,0,4554,92,7
72298.0,77,939,14,0,4315,52,1
36975.0,48,33,5,1,4387,50,7
72635.0,71,981,21,0,4595,54,3
13624.0,50,36,7,1,4729,93,6
84196.0,51,1237,20,1,4595,56,3
70971.0,66,1825,34,1,4850,28,7
34487.0,49,103,9,2,4865,94,9
28769.0,49,191,12,1,4762,76,9
69084.0,56,1586,25,1,4426,43,8
65488.0,68,963,14,0,4220,46,1
62466.0,56,889,26,1,4369,13,4
32218.0,66,93,7,0,4338,27,7
83917.0,53,1587,21,0,4641,12,3
46102.0,64,16,4,3,4315,3,7
84574.0,74,1375,32,0,4594,72,5
56181.0,64,393,14,1,4741,6,4
63120.0,76,1477,26,1,4843,53,7
73691.0,55,1179,18,1,4439,58,2
63381.0,66,1005,26,1,4836,78,2
76140.0,78,1348,21,0,4251,57,2
62859.0,67,1307,23,1,4750,37,6
45906.0,62,486,15,1,4622,20,5
77632.0,79,2252,13,0,4680,73,2
46463.0,55,235,17,2,4519,56,6
105471.0,56,1724,30,0,4728,36,3
55282.0,56,235,11,1,4402,9,4
78710.0,49,1092,28,1,4241,42,4
66886.0,68,599,17,1,4490,28,5
98777.0,66,2008,19,0,4336,23,1
29103.0,41,48,6,1,4875,38,9
67445.0,52,1174,32,1,4890,63,6
50616.0,76,67,7,1,4281,71,2
49431.0,71,365,15,1,4899,9,8
153924.0,51,6,0,0,4346,81,0
61278.0,73,165,10,1,4380,87,6
26490.0,68,210,11,0,4849,92,6
73059.0,79,1095,26,1,4506,36,4
46734.0,60,223,12,3,4455,86,6
56253.0,63,597,22,1,4773,83,6
19986.0,41,22,4,1,4431,74,7
58330.0,51,1064,24,1,4390,87,4
25965.0,46,74,6,0,4864,29,8
14661.0,70,26,5,0,4748,88,6
18690.0,67,60,5,0,4752,77,8
45068.0,52,20,4,1,4613,25,7
21063.0,39,59,7,1,4481,34,6
29187.0,58,34,5,1,4620,43,8
54690.0,55,198,12,2,4438,76,3
59304.0,62,1048,28,1,4539,81,5
59247.0,64,574,21,2,4437,87,6
66731.0,56,1029,17,1,4859,33,3
77353.0,46,670,20,1,4399,38,4
52614.0,51,990,16,1,4779,63,8
26751.0,52,11,4,2,4242,26,8
81300.0,63,1241,21,1,4811,17,5
70337.0,47,576,17,0,4382,75,1
36145.0,41,172,12,1,4582,13,9
65295.0,46,664,20,0,4392,19,2
68118.0,63,928,23,1,4458,51,6
68743.0,59,2074,30,0,4872,81,7
41039.0,44,467,15,0,4543,32,8
38946.0,71,257,12,1,4452,84,5
65777.0,59,1146,17,0,4396,87,1
66476.0,50,689,20,1,4683,99,4
86857.0,54,2114,22,0,4859,96,2
160803.0,44,1717,44,0,4898,21,0
77845.0,37,1346,21,0,4248,40,1
69476.0,57,1044,15,0,4476,3,2
50611.0,66,493,22,1,4837,98,6
61209.0,56,957,13,0,4512,73,2
42315.0,68,270,12,1,4556,90,3
13084.0,74,29,5,0,4443,29,6
47570.0,77,121,9,2,4600,3,7
61923.0,65,126,8,2,4542,94,3
34824.0,31,23,4,0,4299,65,6
26518.0,77,57,8,2,4651,33,8
45938.0,65,636,20,0,4442,46,6
78468.0,66,1004,28,0,4285,29,4
78901.0,53,734,20,1,4489,99,4
71427.0,48,614,20,2,4313,26,4
71022.0,48,1453,21,1,4342,30,8
90247.0,38,1621,15,0,4265,27,1
41335.0,58,187,12,1,4389,24,7
71952.0,40,1443,22,1,4739,93,4
35682.0,56,57,6,1,4206,34,2
43185.0,75,637,20,1,4649,88,8
66375.0,78,948,14,1,4424,96,7
35178.0,55,59,5,1,4739,10,7
25252.0,40,18,4,1,4556,26,8
55250.0,61,903,26,1,4820,49,5
33249.0,51,112,8,1,4698,11,6
58398.0,73,596,20,0,4615,44,4
50272.0,44,233,13,1,4530,75,7
76618.0,51,1511,11,0,4773,64,1
87305.0,66,1152,17,0,4848,19,2
25851.0,48,48,7,1,4707,45,7
58710.0,56,1185,31,1,4659,77,6
45160.0,68,21,4,2,4296,9,7
74806.0,61,965,16,1,4761,1,4
59111.0,72,869,21,0,4627,90,7
18988.0,42,16,6,1,4241,43,7
72190.0,61,1947,16,0,4705,79,3
7500.0,50,71,12,1,4901,19,9
44794.0,60,65,6,1,4225,99,6
80395.0,71,1380,24,0,4422,62,2
75012.0,50,1027,23,0,4359,41,1
56962.0,61,411,21,3,4465,60,7
89891.0,35,836,26,0,4644,17,4
35946.0,77,11,4,2,4479,24,5
53593.0,73,480,23,2,4895,60,8
66373.0,48,606,23,2,4586,57,3
45072.0,78,284,16,3,4460,74,8
89694.0,53,1472,14,2,4467,22,5
72025.0,77,1677,26,0,4265,46,2
67432.0,53,1335,19,1,4661,69,4
70545.0,74,334,13,1,4230,29,2
17487.0,37,18,4,1,4672,37,7
62882.0,57,1338,20,1,4893,26,4
64108.0,73,1099,30,1,4667,8,5
34941.0,70,97,8,2,4684,26,8
48767.0,76,63,9,3,4383,79,5
38702.0,48,109,9,1,4536,71,6
82224.0,62,902,21,0,4359,83,3
83844.0,74,1574,20,0,4617,57,1
17003.0,51,38,9,1,4406,37,5
71163.0,31,960,24,0,4316,30,1
33697.0,56,28,4,1,4491,34,7
63564.0,72,1215,28,0,4355,0,6
83443.0,54,1497,22,0,4384,89,2
51518.0,68,449,17,1,4473,92,3
58330.0,51,1064,24,1,4390,87,4
80952.0,57,1757,25,0,4690,20,8
75507.0,47,1440,21,0,4262,56,3
63855.0,48,1006,24,0,4709,28,4
62220.0,54,1226,23,1,4891,55,6
58512.0,62,1171,20,1,4487,25,8
40662.0,47,92,8,1,4675,0,4
38829.0,67,99,8,1,4288,86,5
35523.0,45,66,8,1,4473,8,7
79146.0,59,564,19,2,4270,33,6
78285.0,38,1427,21,0,4448,13,3
31626.0,48,86,6,1,4619,12,7
75127.0,74,833,19,0,4242,92,1
48726.0,71,242,12,1,4632,90,6
74985.0,49,1869,17,0,4860,8,2
67430.0,39,1364,29,0,4866,6,6
46891.0,61,183,8,1,4505,91,4
62058.0,70,450,18,1,4603,52,6
72063.0,47,758,21,1,4565,3,2
78939.0,75,1507,20,0,4403,57,3
42720.0,61,654,25,2,4635,9,8
33622.0,54,81,9,2,4646,22,7
6835.0,69,137,1,1,4772,76,20
41452.0,73,16,4,2,4684,86,7
40760.0,61,93,8,1,4507,64,6
74250.0,68,1158,18,0,4358,90,1
51124.0,71,43,6,2,4397,79,3
72258.0,55,1525,22,1,4494,28,2
71466.0,52,1230,19,0,4289,86,1
36283.0,50,29,6,2,4280,42,4
20587.0,56,25,5,1,4253,39,7
30467.0,54,24,4,1,4306,8,7
31590.0,54,38,5,1,4580,40,8
20425.0,40,57,7,1,4812,5,7
17144.0,66,47,12,2,4338,96,7
42564.0,58,813,24,1,4747,28,7
43783.0,48,629,22,1,4235,22,7
40780.0,50,377,17,1,4863,30,9
62847.0,81,1612,14,0,4734,45,2
82017.0,69,729,17,0,4803,58,2
16813.0,76,50,6,0,4549,49,7
51267.0,48,270,15,2,4447,37,4
46524.0,65,177,9,1,4654,70,3
45183.0,64,315,13,0,4729,33,7
70421.0,72,767,23,1,4205,98,6
60161.0,61,1071,26,1,4818,17,8
73926.0,53,1580,24,0,4688,54,3
19329.0,58,60,10,1,4401,39,8
61872.0,56,573,21,1,4402,81,4
46984.0,70,41,5,2,4664,71,5
34838.0,75,170,10,2,4730,62,6
82716.0,82,1167,28,0,4440,8,2
48192.0,68,1526,25,0,4653,76,8
49681.0,50,458,21,2,4441,66,7
56850.0,55,63,6,1,4302,83,2
55267.0,69,405,17,1,4455,28,3
59666.0,54,1027,20,2,4668,87,8
72504.0,54,1478,22,1,4653,43,2
26872.0,45,72,5,0,4460,0,6
21359.0,54,48,7,1,4639,1,8
73170.0,51,726,16,0,4233,1,2
52750.0,71,860,27,1,4714,72,4
91820.0,40,1497,22,0,4422,72,1
65968.0,56,495,18,1,4252,12,3
30772.0,50,20,4,2,4313,89,6
22507.0,72,570,19,0,4786,67,9
65685.0,54,769,21,1,4296,54,5
25804.0,48,55,7,1,4505,34,8
76412.0,46,1808,18,0,4624,15,3
22063.0,54,55,7,1,4529,43,7
57091.0,65,577,18,0,4218,0,5
22419.0,63,162,8,0,4641,74,8
87771.0,67,1957,20,1,4607,61,6
78353.0,67,1576,24,1,4643,51,8
93404.0,72,1616,17,3,4622,97,5
37859.0,64,36,6,3,4737,75,8
80995.0,68,1482,22,1,4618,83,4
16529.0,42,22,5,1,4324,23,6
55412.0,50,63,6,2,4423,65,5
48789.0,34,680,18,0,4861,94,6
56575.0,59,542,20,2,4624,42,5
25130.0,46,50,7,1,4474,10,7
35441.0,59,39,6,2,4704,94,8
71391.0,70,1043,28,1,4661,50,3
49494.0,54,385,14,1,4634,46,7
81702.0,46,1633,27,0,4848,98,3
45889.0,46,46,5,1,4566,42,6
56628.0,49,761,20,1,4304,30,5
34026.0,76,76,9,2,4532,11,5
40049.0,52,290,14,1,4781,61,5
34176.0,38,89,11,1,4252,12,6
19419.0,45,70,11,1,4800,76,9
82504.0,66,1066,17,0,4541,2,1
81205.0,56,2009,19,0,4371,43,2
61618.0,35,1345,19,0,4842,27,3
55284.0,70,764,23,1,4756,60,5
49980.0,63,195,11,1,4453,79,5
15072.0,46,53,11,2,4619,96,5
49166.0,52,368,13,1,4585,17,6
65324.0,72,544,20,1,4373,0,4
82347.0,69,1853,25,0,4804,38,3
30843.0,60,35,6,2,4238,43,5
46374.0,52,446,18,1,4308,1,8
60474.0,47,1180,31,1,4658,25,7
38576.0,53,41,5,1,4321,2,7
55357.0,41,727,22,2,4699,66,5
37758.0,60,40,6,2,4837,49,8
85710.0,37,1062,26,0,4624,5,2
23228.0,57,40,7,1,4358,71,8
44602.0,57,292,17,2,4338,35,8
7500.0,39,15,4,0,4740,94,6
38683.0,37,341,17,1,4837,80,7
49514.0,51,369,13,1,4398,61,7
57906.0,53,401,17,1,4587,29,4
43456.0,60,393,17,1,4664,0,5
19485.0,40,10,4,2,4482,80,7
53172.0,48,486,16,1,4623,54,3
30545.0,47,69,7,1,4824,71,7
70123.0,43,1727,17,0,4478,27,3
62450.0,67,995,16,1,4378,61,3
21675.0,50,45,10,1,4222,55,7
42395.0,45,182,12,2,4290,35,7
61346.0,48,989,23,1,4470,34,3
80812.0,73,1677,18,0,4489,95,2
42835.0,55,595,23,2,4568,64,6
39922.0,43,156,9,1,4704,30,8
86424.0,70,1226,28,0,4289,12,1
17117.0,48,128,11,1,4732,96,9
24762.0,54,86,9,1,4343,16,8
35797.0,51,68,7,1,4825,16,8
36627.0,51,16,4,2,4545,78,5
51111.0,45,55,7,2,4214,83,6
86857.0,54,2114,22,0,4859,96,2
82072.0,56,2018,19,0,4566,67,1
46231.0,73,263,15,3,4784,87,9
42243.0,67,55,7,2,4404,34,7
51195.0,64,564,24,2,4658,46,8
68092.0,48,1281,20,0,4399,7,5
31814.0,53,83,7,1,4709,73,9
51390.0,61,353,18,2,4863,54,5
76630.0,43,1003,25,0,4370,93,1
26868.0,35,14,4,1,4264,52,7
48948.0,83,902,24,0,4717,53,6
55260.0,54,1139,25,1,4768,81,6
64090.0,70,797,20,1,4530,8,5
78331.0,68,1638,25,1,4361,97,4
37087.0,52,401,17,1,4526,50,6
21846.0,40,84,11,1,4454,38,8
81320.0,68,928,18,0,4712,61,2
54137.0,56,203,11,1,4521,46,6
66825.0,59,858,16,0,4554,73,2
57100.0,53,409,13,0,4411,19,3
58917.0,57,282,16,3,4666,10,5
85072.0,49,1423,18,0,4285,94,0
86429.0,65,1449,18,0,4424,10,2
45684.0,55,28,4,1,4413,37,7
47889.0,52,67,6,1,4380,94,5
45921.0,40,199,10,0,4315,23,4
78420.0,60,1453,22,0,4569,75,1
75114.0,34,1253,19,0,4438,40,2
52278.0,63,1198,31,1,4724,24,8
35641.0,54,178,10,1,4554,11,7
95529.0,32,1990,18,0,4777,29,3
62820.0,72,976,14,0,4618,51,1
73113.0,66,1001,15,0,4389,86,2
84169.0,44,1919,20,0,4530,9,3
42607.0,72,350,14,1,4428,30,3
74637.0,72,1650,25,0,4611,73,3
46015.0,71,46,5,2,4281,25,7
72354.0,33,1228,19,0,4642,67,1
39858.0,57,95,7,1,4725,67,6
34469.0,78,62,9,2,4260,58,4
83033.0,40,1761,26,1,4246,82,5
24401.0,47,467,16,0,4871,98,8
77583.0,48,1149,19,0,4343,93,2
74116.0,44,2052,19,0,4385,53,2
74293.0,33,1127,16,0,4260,66,2
68397.0,50,1416,21,1,4428,6,3
79632.0,52,1113,20,0,4286,42,2
46107.0,37,125,7,1,4343,78,3
64950.0,75,966,25,1,4890,29,7
25443.0,37,32,5,1,4758,82,8
75127.0,74,833,19,0,4242,92,1
32892.0,55,46,8,1,4239,78,8
71796.0,55,960,17,0,4452,54,4
67536.0,56,1829,30,1,4607,45,8
55239.0,55,779,26,1,4554,59,5
60554.0,51,811,23,1,4528,8,6
64831.0,74,1120,22,2,4588,51,6
56067.0,64,725,20,1,4548,51,5
82025.0,43,1187,12,0,4601,76,1
94384.0,73,2302,18,0,4686,62,2
14906.0,40,66,9,0,4758,86,7
51563.0,39,1250,19,0,4840,60,8
57937.0,44,683,20,1,4337,56,3
68274.0,47,305,13,2,4476,83,3
39771.0,49,50,6,1,4409,92,4
67893.0,51,995,16,1,4840,31,8
27922.0,47,41,6,1,4254,80,4
52190.0,50,77,9,2,4256,39,5
44051.0,53,171,12,2,4720,20,6
42767.0,55,131,7,2,4618,53,8
46106.0,50,54,5,2,4253,84,6
16927.0,50,53,12,2,4708,50,8
59754.0,61,475,16,1,4779,96,5
53700.0,74,694,22,1,4885,94,5
59041.0,53,96,8,2,4257,25,5
54237.0,69,361,16,1,4632,48,6
70647.0,59,1079,26,1,4850,65,2
52597.0,64,578,20,1,4257,69,5
41021.0,57,64,7,1,4750,12,6
40233.0,51,149,13,1,4462,84,6
50183.0,46,231,17,2,4208,47,5
54753.0,67,728,21,1,4494,87,4
92955.0,53,1778,23,0,4518,35,2
33471.0,53,93,10,1,4829,47,7
34596.0,52,23,4,1,4646,48,8
44010.0,46,662,24,1,4828,46,9
84219.0,38,1198,18,0,4351,27,1
40706.0,58,81,11,3,4732,37,7
15716.0,38,92,10,1,4798,8,8
59052.0,67,491,18,1,4428,29,5
80573.0,55,1564,24,0,4827,85,2
83715.0,64,926,24,0,4350,2,0
82576.0,67,1910,19,0,4901,66,1
56962.0,61,411,21,3,4465,60,7
35704.0,74,94,9,2,4381,54,4
53103.0,72,1085,28,1,4494,70,7
46779.0,66,23,4,2,4556,55,4
4861.0,61,6,0,0,4211,20,14
33462.0,47,54,6,1,4530,78,7
63693.0,48,1150,29,1,4462,63,6
80763.0,76,1415,23,0,4522,17,3
65352.0,52,405,16,1,4516,43,4
82170.0,48,1908,19,0,4420,13,2
75759.0,57,2486,26,0,4451,46,5
79689.0,50,1315,27,0,4617,65,2
35340.0,70,45,7,2,4204,1,5
85683.0,72,1789,17,0,4304,6,1
24884.0,54,19,4,1,4781,32,7
42021.0,45,573,22,1,4871,34,9
64449.0,37,805,24,1,4335,70,4
64587.0,72,108,8,2,4211,49,3
34824.0,31,23,4,0,4299,65,6
75437.0,48,1493,23,0,4436,25,6
26091.0,69,89,9,2,4328,84,5
52845.0,53,936,25,1,4524,7,6
46086.0,70,343,16,1,4442,34,4
78028.0,70,528,20,1,4861,38,7
95169.0,39,1901,12,0,4467,1,1
56337.0,45,724,22,2,4663,25,8
22434.0,39,58,7,1,4705,25,8
36930.0,72,297,16,1,4612,50,8
36130.0,72,488,21,1,4716,46,4
65569.0,73,859,23,1,4805,96,3
83844.0,74,1574,20,0,4617,57,1
19514.0,58,69,10,2,4358,47,8
36736.0,63,17,4,2,4619,52,6
77568.0,47,2194,21,1,4877,30,5
49187.0,50,116,8,1,4373,63,2
30168.0,48,279,18,1,4683,51,9
34053.0,58,103,7,1,4861,14,8
38196.0,55,44,9,2,4276,20,5
59412.0,75,406,15,0,4275,56,3
70924.0,61,1363,20,0,4287,41,3
54165.0,57,236,11,0,4601,72,2
32300.0,53,39,5,1,4746,1,8
20180.0,50,137,8,0,4698,27,7
34961.0,53,79,10,1,4214,77,7
28440.0,52,63,6,1,4561,87,8
64504.0,73,1314,25,3,4686,81,7
33564.0,60,71,6,1,4209,51,5
17345.0,48,58,7,1,4807,79,8
56320.0,59,702,21,1,4651,11,4
28647.0,48,94,7,1,4516,54,7
15038.0,39,80,7,1,4720,93,9
32173.0,68,22,5,1,4536,0,4
68316.0,62,1211,32,1,4806,54,6
74538.0,55,1461,22,0,4569,21,3
91700.0,55,1968,20,0,4732,58,3
68695.0,57,1091,16,0,4208,3,2
31056.0,49,55,5,1,4727,99,8
79593.0,53,1366,19,0,4252,70,2
28071.0,46,313,13,0,4873,65,8
37334.0,68,62,11,2,4327,44,4
46423.0,54,92,9,2,4488,6,7
37126.0,55,72,6,1,4295,9,6
47703.0,73,655,21,1,4600,95,5
61180.0,67,704,18,1,4271,70,3
38998.0,72,54,8,2,4807,92,8
8028.0,35,178,16,0,4853,62,19
76081.0,64,1033,14,0,4241,85,2
34728.0,40,36,5,1,4538,2,6
33168.0,61,122,10,1,4828,0,7
33585.0,60,122,7,1,4481,91,4
77037.0,66,1123,27,1,4463,3,3
35196.0,42,497,18,1,4797,68,8
44529.0,60,691,25,1,4563,98,5
70924.0,61,1363,20,0,4287,41,3
28764.0,60,12,4,2,4228,16,8
69098.0,77,2440,25,0,4702,82,5
25959.0,56,56,7,2,4704,1,6
27100.0,43,37,5,1,4654,64,7
70596.0,41,968,21,0,4836,68,2
42557.0,52,270,15,1,4873,98,8
53312.0,75,278,12,0,4528,32,7
72228.0,74,1250,22,0,4783,87,3
67605.0,39,938,17,0,4659,84,1
62845.0,77,1178,28,2,4840,3,8
65196.0,68,1155,26,2,4543,34,5
42000.0,39,653,20,0,4739,23,5
35860.0,53,49,6,2,4245,37,5
65526.0,62,506,17,1,4283,22,2
16860.0,65,38,8,2,4859,19,7
83528.0,34,1650,23,0,4263,7,1
64176.0,61,1826,33,1,4899,52,6
22304.0,70,18,4,0,4898,91,8
67023.0,48,906,24,0,4321,93,2
32892.0,55,46,8,1,4239,78,8
70713.0,60,1477,25,1,4777,23,3
59925.0,71,766,23,1,4780,83,6
39722.0,73,47,7,1,4329,92,5
46610.0,68,467,14,0,4550,4,6
88347.0,65,2116,21,0,4565,32,1
87171.0,45,1298,25,0,4628,27,2
26907.0,50,22,6,2,4517,10,7
50014.0,58,396,15,1,4362,9,5
41014.0,48,20,4,1,4637,65,7
66294.0,61,967,13,0,4308,68,2
36715.0,55,357,19,1,4793,16,9
79456.0,70,1401,16,0,4880,12,3
40479.0,44,15,4,1,4520,95,4
75345.0,56,2087,20,0,4716,16,3
54233.0,49,981,26,1,4714,46,8
24163.0,56,17,6,2,4464,3,4
84460.0,68,523,22,0,4745,80,5
43776.0,43,23,4,1,4261,77,6
71691.0,68,1192,17,0,4308,0,2
85844.0,53,1958,20,0,4235,62,2
39190.0,52,133,9,1,4268,91,5
71367.0,67,777,17,0,4514,24,2
38578.0,54,73,9,2,4576,2,8
57236.0,61,121,10,2,4313,22,3
61825.0,47,424,15,1,4530,56,4
79803.0,68,868,13,1,4231,54,1
80910.0,40,756,15,0,4810,71,1
27590.0,44,12,4,1,4636,38,7
56775.0,47,937,25,1,4747,62,5
83829.0,51,1862,17,0,4468,78,1
54210.0,47,367,14,1,4609,18,5
38508.0,40,443,20,1,4535,95,8
53187.0,56,267,13,1,4450,66,5
30023.0,54,61,6,1,4301,28,8
76045.0,66,1323,21,0,4430,78,2
50870.0,74,63,6,1,4214,13,5
15315.0,56,64,8,0,4534,27,5
65463.0,52,562,19,1,4354,17,5
66480.0,61,312,19,2,4233,71,4
76773.0,72,1156,16,0,4693,79,1
81698.0,43,1104,16,0,4689,1,5
54466.0,53,16,4,2,4344,78,5
98777.0,66,2008,19,0,4336,23,1
16269.0,42,44,9,1,4507,75,8
71819.0,55,1574,14,1,4509,70,6
33569.0,43,63,5,1,4460,10,8
36262.0,43,426,12,0,4486,24,6
22634.0,60,96,6,0,4733,47,8
47025.0,48,635,23,1,4494,98,9
70566.0,58,757,22,1,4470,4,3
31605.0,47,125,9,1,4788,15,7
52034.0,53,332,16,2,4612,67,7
48526.0,47,135,8,1,4391,32,3
46734.0,72,330,14,1,4792,40,7
39552.0,64,384,20,2,4762,54,8
86358.0,60,1722,18,2,4894,78,8
46931.0,49,78,7,3,4270,94,3
16581.0,41,24,4,0,4737,51,4
63998.0,74,1168,25,0,4395,42,4
67381.0,75,957,17,1,4734,67,7
25930.0,59,15,4,2,4466,87,7
42693.0,48,57,5,1,4226,29,5
85606.0,50,1956,24,1,4798,89,3
72903.0,41,2013,21,0,4447,74,4
49669.0,52,326,14,1,4240,97,6
36778.0,58,77,9,2,4897,63,9
85696.0,64,1313,20,0,4626,88,1
10979.0,37,30,8,0,4242,34,5
49678.0,65,315,14,1,4716,81,7
56129.0,73,660,22,1,4578,65,4
37155.0,37,74,7,1,4718,51,5
21282.0,48,46,7,1,4253,76,6
33419.0,64,86,8,1,4520,76,7
63285.0,81,1103,25,0,4440,84,3
21255.0,52,61,11,1,4363,56,4
42162.0,45,145,9,1,4426,31,6
54450.0,70,684,31,2,4857,0,8
57744.0,72,411,16,1,4433,91,8
26576.0,40,27,4,1,4828,40,9
57513.0,83,1060,27,0,4562,59,6
68142.0,62,1459,24,1,4873,96,6
7500.0,47,18,4,1,4873,61,8
83145.0,52,1833,26,0,4849,14,2
54197.0,66,237,12,1,4291,16,1
23091.0,63,48,10,2,4236,98,7
46049.0,50,515,26,2,4547,11,7
56715.0,52,1020,15,0,4775,52,4
79410.0,65,1370,11,0,4235,19,1
57304.0,75,1026,25,1,4679,61,5
44375.0,61,301,12,1,4302,73,5
54450.0,70,684,31,2,4857,0,8
59594.0,61,499,17,1,4821,74,7
80685.0,32,1004,21,0,4880,55,2
40344.0,52,218,12,1,4463,48,7
62710.0,54,606,22,1,4606,53,4
48985.0,58,75,6,1,4563,13,3
35322.0,58,106,9,3,4880,34,8
77142.0,78,990,17,0,4600,54,2
81657.0,57,1097,16,0,4362,69,1
14421.0,30,16,4,0,4336,81,5
20130.0,52,34,5,0,4308,99,8
74214.0,36,1711,16,0,4876,3,5
66726.0,69,438,17,2,4372,61,7
23724.0,47,75,7,1,4741,65,8
47353.0,66,225,13,1,4432,93,5
33444.0,74,18,4,2,4807,24,8
54386.0,45,470,17,1,4612,8,3
28510.0,45,91,9,2,4646,72,5
90638.0,35,2525,18,0,4340,29,1
48070.0,76,504,19,1,4736,33,7
43140.0,69,235,11,1,4744,68,6
54959.0,65,1232,21,1,4730,55,7
15056.0,68,88,12,2,4626,76,5
26954.0,55,17,4,1,4256,17,7
22327.0,41,24,5,1,4535,94,5
44393.0,61,60,7,2,4515,86,4
62000.0,74,1020,26,1,4512,25,4
31497.0,64,155,10,1,4774,22,8
45894.0,52,51,5,2,4326,15,5
78579.0,56,1812,16,0,4758,35,3
67369.0,57,1461,25,1,4793,81,4
58401.0,66,96,6,1,4274,55,4
62307.0,74,160,9,1,4336,94,5
43641.0,57,139,10,2,4637,50,6
63841.0,58,908,22,1,4638,64,6
46891.0,61,183,8,1,4505,91,4
70091.0,57,1161,19,1,4659,11,8
78075.0,54,988,14,0,4289,72,1
59184.0,65,1072,27,1,4862,6,5
54809.0,49,174,12,2,4495,0,4
58113.0,67,758,22,1,4724,66,7
51412.0,68,195,11,1,4384,42,4
15287.0,47,31,6,1,4831,60,7
66636.0,69,1084,17,0,4520,64,1
50965.0,70,685,22,1,4698,87,8
84618.0,61,1672,26,0,4423,96,2
18351.0,36,43,6,0,4447,1,7
40451.0,69,49,5,2,4337,54,5
36317.0,61,133,9,1,4607,53,7
42213.0,69,363,15,1,4464,96,7
65748.0,71,545,18,1,4644,58,1
77044.0,54,1065,31,1,4449,12,4
74918.0,57,2047,21,0,4678,78,3
56721.0,54,296,15,2,4810,64,6
42160.0,51,140,11,2,4570,26,6
61559.0,61,530,17,1,4551,8,3
33629.0,63,152,13,2,4894,49,9
68682.0,35,1598,24,0,4470,56,2
34377.0,63,114,8,1,4730,55,7
8940.0,40,101,10,1,4880,25,8
26228.0,53,25,4,1,4484,50,8
77297.0,69,789,22,0,4723,84,4
40211.0,45,87,7,2,4538,30,8
33438.0,68,90,11,2,4484,81,5
75032.0,67,1215,20,1,4631,74,3
61284.0,71,811,22,0,4464,76,6
22518.0,40,61,7,1,4819,36,5
54730.0,51,405,18,1,4522,64,4
38452.0,71,72,9,2,4295,62,7
44421.0,55,189,14,2,4703,53,8
38197.0,40,40,5,1,4569,86,5
41986.0,48,63,10,1,4344,15,4
28427.0,43,52,7,1,4669,67,8
37395.0,50,39,5,1,4262,47,6
64722.0,55,805,25,1,4238,47,6
55249.0,70,130,8,1,4277,81,3
84906.0,54,1631,24,0,4472,98,2
28691.0,37,34,5,1,4564,56,8
44213.0,74,152,12,2,4416,48,6
25707.0,42,21,5,1,4366,18,7
59062.0,59,71,7,3,4473,74,4
76624.0,64,899,23,1,4240,68,1
66000.0,79,711,10,0,4274,36,1
27683.0,48,351,16,1,4898,90,8
1730.0,55,8,15,0,4246,65,20
7500.0,34,119,11,1,4777,63,9
40521.0,58,21,4,2,4654,82,5
20427.0,53,10,4,1,4301,63,8
65106.0,51,973,27,1,4240,55,6
69969.0,61,1536,13,0,4510,64,3
67433.0,74,992,28,2,4552,51,4
77766.0,59,1529,34,1,4696,97,6
74716.0,54,860,17,1,4494,92,4
68118.0,63,928,23,1,4458,51,6
55158.0,56,418,18,2,4903,72,7
62972.0,71,587,16,1,4899,39,6
74190.0,51,641,19,1,4252,49,2
39356.0,50,23,4,2,4306,21,6
76653.0,57,2279,23,0,4521,91,2
35860.0,53,49,6,2,4245,37,5
90687.0,43,1779,17,0,4607,98,2
73450.0,44,1804,27,0,4410,85,3
31454.0,66,48,8,2,4562,40,8
47139.0,74,83,7,2,4319,2,7
83829.0,51,1862,17,0,4468,78,1
53378.0,63,793,29,2,4847,41,8
19656.0,56,84,9,1,4710,94,7
45579.0,78,183,10,1,4517,10,6
85485.0,68,1383,19,0,4212,73,2
55956.0,82,999,16,0,4287,22,4
64191.0,63,825,24,1,4727,30,3
38808.0,54,246,14,1,4876,21,8
57183.0,60,610,25,2,4671,51,8
23748.0,58,76,9,1,4789,97,8
66303.0,55,1286,22,1,4692,56,8
37368.0,51,30,4,1,4399,4,6
40800.0,62,99,8,3,4748,77,7
71847.0,48,1192,22,0,4850,95,3
46149.0,51,362,18,1,4416,36,5
78687.0,43,2130,19,0,4893,13,2
49118.0,55,1229,28,0,4884,90,7
37633.0,69,38,6,2,4851,49,9
39767.0,75,485,17,0,4547,18,8
26997.0,75,434,13,0,4805,89,7
33986.0,56,44,5,1,4676,43,7
57091.0,54,496,18,1,4787,82,7
46831.0,57,78,7,2,4590,84,4
83151.0,54,2346,23,0,4708,80,2
52531.0,55,794,21,0,4750,68,6
15759.0,70,17,4,0,4501,12,7
22804.0,55,26,5,1,4537,75,9
43050.0,53,76,8,1,4307,10,5
42997.0,49,15,4,2,4408,91,7
48918.0,63,62,7,2,4282,21,4
60033.0,72,198,10,1,4296,28,2
34043.0,48,49,5,1,4451,97,9
57811.0,60,802,25,1,4574,49,5
78569.0,80,1736,15,0,4334,14,1
7500.0,48,57,10,2,4753,5,6
157733.0,55,59,2,1,4594,37,1
94384.0,73,2302,18,0,4686,62,2
23148.0,41,37,6,0,4335,83,7
44267.0,56,310,16,2,4693,48,9
71626.0,47,1305,19,0,4809,94,3
60894.0,60,832,26,1,4570,61,7
50200.0,50,401,19,2,4656,70,8
81051.0,61,1501,23,0,4241,43,2
65169.0,44,1189,28,0,4370,23,6
59868.0,54,1194,32,1,4546,37,6
65695.0,66,656,21,1,4353,50,4
64857.0,70,1540,23,0,4787,78,4
45143.0,61,311,15,1,4511,74,7
74805.0,71,820,26,1,4439,14,2
59060.0,37,274,14,1,4373,77,4
27238.0,64,57,9,2,4639,39,9
47009.0,61,448,17,1,4475,89,4
46094.0,53,44,5,2,4223,62,7
40321.0,54,102,8,2,4539,59,7
37235.0,42,61,5,1,4352,68,4
81843.0,66,1643,27,0,4637,13,3
46692.0,68,397,15,1,4592,37,6
77382.0,58,1121,26,1,4377,36,1
37774.0,49,473,16,2,4868,28,9
18393.0,52,50,8,1,4296,2,8
72828.0,64,1678,28,1,4704,17,7
24711.0,44,58,7,0,4276,86,7
45503.0,51,170,9,1,4481,54,5
6560.0,44,373,2,0,4403,2,17
71604.0,81,1196,17,0,4428,3,4
27244.0,47,101,8,1,4318,84,7
48752.0,57,316,17,2,4768,8,9
71434.0,64,1400,21,1,4488,4,4
90842.0,78,1424,27,0,4539,57,1
88097.0,48,844,20,1,4884,24,9
51948.0,51,311,13,1,4489,51,5
71853.0,44,1149,17,0,4621,29,1
35876.0,43,129,8,0,4274,13,6
40049.0,74,32,5,1,4460,23,6
39660.0,44,299,14,1,4894,36,9
50127.0,64,320,13,1,4235,88,6
43263.0,49,441,16,1,4789,2,5
62845.0,77,1178,28,2,4840,3,8
18929.0,36,85,6,0,4702,15,6
24367.0,44,24,4,1,4670,58,9
33249.0,51,112,8,1,4698,11,6
26887.0,67,30,5,1,4708,27,6
50150.0,43,410,16,0,4578,32,5
62061.0,50,800,24,1,4506,12,6
85696.0,64,1313,20,0,4626,88,1
76542.0,70,1483,23,0,4660,91,2
70515.0,33,1258,17,0,4455,12,2
18227.0,39,28,4,1,4802,21,8
69139.0,61,227,11,1,4357,23,4
69109.0,44,1555,20,0,4801,10,4
69627.0,64,861,23,1,4673,35,5
38136.0,48,103,8,1,4637,69,8
62159.0,80,634,19,0,4266,68,4
80695.0,63,1918,19,0,4386,85,2
33316.0,55,131,10,2,4472,34,6
58554.0,58,586,22,2,4845,55,7
17256.0,34,62,7,1,4422,10,8
53034.0,52,447,22,2,4599,30,8
52203.0,76,939,27,0,4902,36,6
59601.0,49,797,15,1,4543,14,8
75154.0,68,1143,16,1,4867,79,3
47025.0,50,415,17,1,4438,52,6
37971.0,53,30,5,1,4420,97,8
41335.0,58,187,12,1,4389,24,7
67267.0,68,251,11,1,4251,0,2
57338.0,51,237,12,1,4265,96,5
50523.0,66,91,8,2,4390,89,6
35791.0,61,35,6,3,4623,94,8
50611.0,66,493,22,1,4837,98,6
56242.0,57,971,28,1,4687,72,6
48904.0,66,371,17,1,4778,1,8
56243.0,51,396,20,3,4385,26,5
21355.0,41,68,7,1,4517,5,6
57420.0,55,322,15,1,4573,22,7
46390.0,71,222,10,1,4259,56,7
54342.0,70,177,12,2,4565,74,6
20895.0,53,45,6,1,4835,24,9
92344.0,78,1899,20,0,4369,9,1
26907.0,50,22,6,2,4517,10,7
44964.0,46,41,5,2,4764,35,8
75507.0,47,1440,21,0,4262,56,3
53761.0,54,325,17,2,4465,7,5
22682.0,53,95,10,1,4473,51,4
38887.0,54,42,5,1,4323,17,7
41658.0,51,72,6,2,4801,30,4
29791.0,54,20,7,1,4249,21,5
63915.0,70,789,23,2,4538,2,5
39996.0,52,15,4,2,4242,85,6
26759.0,54,59,8,1,4346,65,6
63841.0,58,908,22,1,4638,64,6
51039.0,57,417,14,2,4770,11,7
60544.0,65,289,15,2,4877,92,6
65685.0,54,769,21,1,4296,54,5
37716.0,73,188,10,1,4273,4,7
36864.0,69,354,14,1,4889,53,8
44511.0,56,727,26,1,4829,39,8
36947.0,59,146,11,2,4895,49,9
47352.0,75,319,16,1,4648,70,7
67087.0,73,794,22,1,4398,40,4
57045.0,76,454,18,1,4863,40,3
36957.0,73,152,11,2,4865,43,9
69389.0,49,797,22,1,4843,17,4
80134.0,54,1690,16,1,4609,40,6
43142.0,57,20,4,2,4335,84,7
80589.0,82,1428,21,0,4362,25,1
34412.0,36,209,11,1,4705,62,9
57537.0,47,545,19,1,4588,83,4
22634.0,60,96,6,0,4733,47,8
51315.0,78,222,10,0,4330,45,2
36026.0,54,61,7,3,4309,34,6
24639.0,53,44,9,2,4356,3,6
34578.0,54,8,4,3,4283,1,6
65704.0,54,817,23,0,4463,18,1
63810.0,60,1371,23,1,4799,45,8
54132.0,57,42,5,1,4337,81,7
18690.0,67,60,5,0,4752,77,8
28164.0,56,78,9,1,4625,23,7
34596.0,52,23,4,1,4646,48,8
43269.0,54,19,4,1,4490,61,8
38741.0,68,61,7,2,4295,60,7
31907.0,54,449,14,0,4686,75,7
27100.0,43,37,5,1,4654,64,7
31163.0,53,38,5,1,4340,54,6
92533.0,41,1131,23,0,4396,84,2
34853.0,53,34,7,2,4392,75,6
70844.0,59,294,17,2,4446,16,7
31086.0,47,48,6,2,4625,79,8
60544.0,65,289,15,2,4877,92,6
20491.0,40,30,4,0,4724,16,7
42523.0,62,125,7,0,4271,96,2
39922.0,43,156,9,1,4704,30,8
33402.0,74,70,9,2,4550,60,8
36408.0,77,22,4,2,4485,11,6
21645.0,47,65,9,1,4868,75,9
78427.0,78,1930,23,0,4817,36,3
82657.0,80,2283,23,0,4479,71,4
51876.0,68,310,13,0,4461,88,1
78041.0,55,1319,18,0,4764,93,2
52852.0,69,879,26,1,4779,93,8
70038.0,44,1244,17,0,4451,54,2
69401.0,53,690,17,1,4302,41,2
46053.0,54,209,12,1,4701,46,5
77343.0,61,1134,17,0,4224,28,1
73892.0,73,1507,23,0,4432,40,1
40304.0,59,57,6,1,4476,82,7
32727.0,61,529,17,0,4874,38,8
68695.0,57,1091,16,0,4208,3,2
43300.0,55,180,11,1,4828,87,8
26290.0,54,77,10,2,4737,49,6
93790.0,56,2349,25,0,4341,16,2
38410.0,52,534,18,0,4857,65,6
64866.0,76,556,21,1,4358,9,5
57957.0,67,637,25,1,4518,24,3
46015.0,71,46,5,2,4281,25,7
16531.0,48,44,9,1,4215,43,7
28072.0,40,47,5,1,4560,10,7
49476.0,63,795,22,1,4578,29,2
50725.0,73,586,21,1,4705,45,8
83844.0,74,1574,20,0,4617,57,1
41145.0,76,13,4,2,4345,20,3
67419.0,56,1471,25,1,4733,29,5
23162.0,56,65,8,2,4394,82,6
34380.0,49,175,12,1,4627,68,8
34704.0,60,40,5,1,4632,65,5
94871.0,57,1078,18,2,4870,99,7
65148.0,68,1115,21,1,4794,9,4
39898.0,72,134,9,1,4706,20,7
64857.0,70,1540,23,0,4787,78,4
59892.0,56,87,7,1,4443,26,3
41020.0,39,217,10,0,4448,68,3
57072.0,65,1034,27,1,4360,79,5
60474.0,47,1180,31,1,4658,25,7
62807.0,66,819,23,1,4871,83,5
19414.0,45,32,5,1,4460,32,8
19107.0,46,46,6,1,4515,49,7
75484.0,50,1159,18,1,4900,50,4
70379.0,50,860,25,1,4687,84,4
79419.0,56,1631,15,0,4211,96,2
64014.0,80,444,22,3,4223,56,7
76998.0,71,1910,29,1,4738,85,6
49854.0,54,380,18,1,4435,63,6
60585.0,55,736,30,2,4574,17,5
42873.0,76,269,15,2,4728,11,8
87679.0,38,2524,29,0,4541,62,4
57867.0,48,612,25,1,4475,48,6
35765.0,36,75,8,1,4404,86,6
65492.0,67,1045,26,0,4358,73,2
32952.0,49,55,6,1,4414,36,7
53374.0,57,1064,21,1,4886,34,9
71706.0,67,1443,25,1,4797,16,5
68487.0,38,1366,30,0,4736,48,4
53253.0,51,436,19,2,4707,61,5
31163.0,53,38,5,1,4340,54,6
42014.0,49,436,20,1,4885,56,8
54108.0,53,747,32,2,4805,74,8
49667.0,71,1396,22,0,4882,35,8
63206.0,52,928,14,0,4305,65,2
57136.0,54,642,26,2,4559,48,6
46772.0,51,1048,30,1,4803,88,8
78931.0,55,943,24,0,4451,19,1
53977.0,68,907,27,1,4590,21,5
84219.0,38,1198,18,0,4351,27,1
46098.0,51,120,11,2,4884,86,8
73538.0,61,1658,26,1,4785,92,7
79529.0,40,1638,22,0,4267,1,2
20981.0,49,73,7,0,4629,14,8
51766.0,46,275,12,1,4314,74,5
55759.0,64,854,26,1,4782,84,8
33039.0,48,78,7,1,4497,4,5
37787.0,54,106,7,1,4486,50,8
27242.0,56,106,7,1,4799,2,9
87188.0,43,1923,19,0,4595,73,3
69930.0,55,1662,22,0,4603,21,3
37697.0,50,84,7,1,4346,82,6
37401.0,53,48,7,1,4258,14,7
3502.0,53,5,0,1,4646,56,14
58597.0,50,733,32,2,4790,20,7
82032.0,78,1234,17,0,4289,54,1
28087.0,68,112,9,2,4769,77,7
74004.0,39,1658,15,0,4329,5,3
19740.0,66,55,7,1,4666,65,5
57036.0,51,1513,26,1,4769,33,9
53083.0,68,271,17,2,4614,65,7
69283.0,51,904,27,1,4219,41,5
46098.0,51,120,11,2,4884,86,8
23331.0,38,103,8,1,4867,92,8
23331.0,38,269,17,1,4836,97,9
9255.0,37,22,5,1,4395,91,8
67786.0,67,1156,16,0,4408,0,1
71969.0,55,1086,19,1,4825,59,8
59235.0,59,1128,28,1,4737,4,7
31928.0,37,72,9,1,4297,5,7
74881.0,65,964,27,2,4682,48,5
65819.0,48,1383,20,0,4781,99,3
51411.0,73,18,4,3,4603,81,5
51983.0,62,793,24,1,4871,95,7
42386.0,40,100,7,1,4736,43,8
30390.0,39,80,6,0,4504,5,6
30983.0,63,167,8,0,4801,50,8
66033.0,69,677,20,1,4729,76,7
37284.0,51,23,4,2,4661,46,6
57530.0,75,92,7,1,4464,68,1
76800.0,61,641,16,0,4317,33,1
63943.0,70,1106,17,1,4869,50,5
76081.0,64,1033,14,0,4241,85,2
67445.0,52,1174,32,1,4890,63,6
37054.0,59,25,6,2,4491,89,7
47175.0,64,240,17,2,4813,81,8
31859.0,50,20,4,1,4584,77,7
27215.0,65,102,11,3,4726,50,6
70179.0,50,1034,26,1,4547,10,5
39922.0,43,156,9,1,4704,30,8
49681.0,50,458,21,2,4441,66,7
24645.0,38,17,4,1,4809,16,8
79865.0,72,792,21,1,4215,12,1
44322.0,41,92,8,1,4217,30,8
47958.0,74,407,16,1,4730,8,5
63972.0,62,1269,23,1,4778,93,4
75315.0,72,841,23,1,4279,14,2
55517.0,76,633,23,2,4844,53,9
75283.0,69,1019,25,3,4663,26,4
82800.0,80,1315,26,0,4786,23,3
38998.0,72,54,8,2,4807,92,8
90638.0,35,2525,18,0,4340,29,1
27161.0,40,52,5,1,4448,41,7
42014.0,49,436,20,1,4885,56,8
38201.0,66,268,15,1,4661,19,8
45203.0,44,147,8,2,4302,4,6
81574.0,79,1798,18,0,4266,89,1
34935.0,34,137,8,0,4577,71,7
60482.0,50,507,17,1,4726,81,7
34633.0,70,15,4,3,4361,31,6
78093.0,79,1105,17,0,4404,53,1
82460.0,76,974,15,0,4413,78,1
45903.0,60,66,8,1,4271,80,4
81361.0,39,778,27,0,4328,18,1
35860.0,53,49,6,2,4245,37,5
40442.0,74,169,12,2,4883,52,7
61482.0,61,299,12,0,4206,39,2
34968.0,46,221,17,1,4649,11,7
75794.0,39,1682,25,0,4391,33,3
31497.0,64,155,10,1,4774,22,8
74268.0,71,892,13,0,4704,83,2
13724.0,38,58,5,1,4871,43,9
45143.0,61,311,15,1,4511,74,7
52569.0,59,95,7,1,4289,54,3
48432.0,53,424,19,1,4823,3,8
17144.0,66,47,12,2,4338,96,7
36108.0,42,339,15,1,4461,68,9
76445.0,55,1410,21,1,4843,2,6
36663.0,51,35,6,1,4269,40,2
53843.0,61,562,20,1,4571,64,7
90226.0,70,2352,24,0,4845,26,2
70638.0,71,1334,20,0,4597,69,3
44512.0,66,32,6,2,4507,57,4
27116.0,65,41,7,2,4323,78,7
54072.0,63,39,5,2,4541,71,8
71855.0,49,1141,25,1,4733,59,3
51250.0,36,710,24,1,4660,28,9
60432.0,53,401,19,1,4316,61,6
65526.0,62,506,17,1,4283,22,2
68655.0,38,1538,21,0,4892,95,3
12393.0,48,57,6,0,4776,38,9
64509.0,36,1722,19,0,4520,19,4
33955.0,51,270,15,1,4528,92,8
31353.0,49,31,6,2,4386,24,8
55434.0,42,882,24,1,4471,21,4
28359.0,43,16,4,1,4449,35,7
57100.0,39,311,14,1,4246,9,3
69139.0,61,227,11,1,4357,23,4
52973.0,70,1152,31,1,4802,92,8
51717.0,61,122,8,1,4517,55,7
18793.0,55,77,9,1,4737,14,8
66664.0,44,1289,19,0,4846,78,3
50664.0,67,561,24,2,4733,64,9
54414.0,63,211,13,2,4726,49,4
54549.0,74,233,12,1,4322,8,7
47111.0,55,1092,21,1,4863,35,9
41003.0,63,601,17,0,4673,11,6
19444.0,44,54,10,1,4331,8,7
36301.0,50,78,7,1,4451,53,7
73059.0,79,1095,26,1,4506,36,4
42731.0,57,244,13,1,4455,64,5
52854.0,67,116,9,2,4301,43,5
22775.0,48,15,4,1,4579,40,8
46681.0,78,425,16,2,4468,52,5
59821.0,71,734,26,1,4647,11,8
50002.0,72,638,19,1,4581,21,7
69755.0,81,894,22,0,4474,23,1
44078.0,57,41,7,2,4214,17,5
30560.0,50,31,5,1,4571,6,7
35924.0,57,34,5,2,4302,56,5
64140.0,62,1750,18,2,4483,71,5
56386.0,45,612,25,2,4814,51,9
24594.0,47,29,5,1,4405,94,5
75774.0,45,823,21,1,4262,27,4
39228.0,66,20,4,0,4619,1,4
58494.0,52,396,16,1,4403,56,6
58684.0,45,813,21,0,4217,71,2
57136.0,59,1179,20,0,4611,18,6
56551.0,76,138,10,2,4257,48,4
22448.0,44,55,9,1,4327,86,3
82014.0,65,1511,22,0,4882,48,6
34213.0,63,117,9,2,4864,2,9
157146.0,49,1730,28,0,4630,13,1
25358.0,79,32,6,1,4546,57,6
35544.0,48,67,6,1,4317,77,7
36634.0,72,335,15,1,4601,0,7
62670.0,72,825,22,1,4351,57,3
50334.0,54,694,23,1,4544,24,6
72066.0,45,1792,17,0,4210,55,2
50729.0,68,496,24,2,4627,62,6
34916.0,58,231,13,2,4614,89,9
64892.0,50,902,24,1,4235,77,4
43602.0,60,68,9,2,4374,45,6
33996.0,37,71,6,0,4495,46,4
41473.0,41,76,6,1,4579,80,7
63246.0,59,772,22,2,4517,60,4
36732.0,67,47,9,2,4386,71,2
69084.0,56,1586,25,1,4426,43,8
77766.0,59,1529,34,1,4696,97,6
37929.0,41,265,13,0,4538,49,7
86610.0,75,1603,18,0,4501,66,2
80141.0,40,2091,22,0,4738,20,6
72635.0,71,981,21,0,4595,54,3
69016.0,56,1533,34,1,4788,61,5
20193.0,35,82,7,0,4782,18,4
27573.0,51,244,14,1,4665,45,8
15862.0,47,36,5,1,4571,26,8
49544.0,50,404,16,1,4706,0,7
33228.0,46,71,6,1,4361,28,7
70440.0,48,1572,23,0,4468,49,3
38232.0,55,122,11,2,4367,84,5
22554.0,71,41,10,2,4807,38,5
23536.0,43,10,4,1,4229,53,3
49413.0,74,304,13,1,4451,88,5
42231.0,57,37,5,2,4300,99,5
78789.0,46,1754,16,0,4894,12,2
56534.0,58,815,25,1,4545,35,8
58350.0,55,1001,27,1,4745,5,6
81217.0,37,1157,22,0,4549,77,1
49090.0,75,688,21,1,4549,45,7
61787.0,39,1319,19,0,4562,71,5
18169.0,41,21,4,1,4699,40,8
24336.0,45,31,4,1,4875,82,7
18222.0,36,67,6,0,4749,70,8
62335.0,74,708,21,1,4606,87,2
42033.0,55,25,4,2,4852,95,7
86580.0,43,746,11,0,4691,72,1
41437.0,69,32,5,2,4849,5,7
73705.0,75,1695,25,2,4320,86,5
61064.0,50,1080,28,1,4871,80,6
38452.0,71,72,9,2,4295,62,7
18358.0,37,57,10,1,4425,49,7
55012.0,53,660,25,1,4304,85,5
9722.0,53,103,11,1,4839,7,8
38175.0,42,153,11,1,4483,6,7
58656.0,70,1220,32,1,4851,25,6
52117.0,61,279,13,1,4886,55,7
64813.0,48,745,20,1,4382,81,5
54222.0,53,264,12,1,4324,98,3
83512.0,40,2157,22,0,4216,31,1
77520.0,67,1526,23,1,4509,30,4
41154.0,48,69,6,1,4650,98,5
80398.0,60,1597,26,0,4800,92,3
18746.0,34,64,8,1,4235,41,6
35196.0,42,497,18,1,4797,68,8
60230.0,70,1067,17,1,4609,78,5
22108.0,49,31,7,2,4256,46,7
44392.0,52,211,14,2,4501,71,7
55424.0,50,877,25,1,4785,6,6
17688.0,47,11,4,1,4736,82,8
92491.0,43,2034,25,0,4628,71,3
90273.0,35,1991,19,0,4401,32,2
82571.0,64,1686,24,0,4292,28,2
38513.0,44,324,17,1,4356,20,8
16653.0,47,69,9,1,4276,10,6
42586.0,71,252,16,2,4812,7,8
23529.0,61,54,5,1,4742,67,6
74881.0,65,964,27,2,4682,48,5
71107.0,75,1327,28,1,4701,61,4
46910.0,62,68,7,2,4302,36,6
18690.0,67,60,5,0,4752,77,8
37244.0,71,55,5,2,4632,90,7
82427.0,60,1456,21,0,4313,35,1
75342.0,68,563,18,1,4623,38,4
70044.0,72,1504,26,1,4700,46,5
79146.0,59,564,19,2,4270,33,6
77437.0,63,1125,23,0,4419,70,1
54984.0,67,358,17,1,4240,51,7
42403.0,55,42,5,1,4404,18,8
55761.0,62,184,10,1,4270,97,6
37292.0,43,460,19,1,4641,32,8
45576.0,81,145,8,0,4236,9,8
70321.0,79,1376,25,0,4733,6,4
58086.0,57,792,23,1,4729,80,8
81795.0,74,1382,23,0,4815,74,2
28389.0,79,28,4,0,4790,49,7
66835.0,80,1033,24,0,4478,21,2
69901.0,57,882,23,1,4600,95,5
80360.0,77,2231,15,0,4687,56,2
63342.0,65,1101,19,1,4825,48,6
44989.0,52,369,16,1,4859,26,6
31859.0,46,48,5,1,4326,3,7
51569.0,77,467,19,1,4706,39,8
30372.0,55,44,8,2,4755,33,7
16014.0,47,38,10,2,4673,42,3
41120.0,58,81,9,2,4439,80,6
39763.0,55,167,10,1,4533,9,9
38725.0,71,45,7,2,4254,52,4
77981.0,54,664,21,1,4603,78,5
62905.0,62,622,20,1,4496,68,4
13533.0,47,48,7,1,4680,45,7
59481.0,51,461,16,1,4453,47,2
72117.0,49,1073,26,1,4517,34,5
21955.0,40,55,8,1,4499,81,6
67131.0,70,976,26,1,4664,72,6
36802.0,46,20,5,1,4217,23,5
71853.0,44,1149,17,0,4621,29,1
28249.0,65,43,6,0,4218,80,6
47808.0,51,224,10,1,4456,30,7
25509.0,52,101,9,1,4853,15,9
51012.0,80,209,10,0,4641,86,6
70596.0,41,968,21,0,4836,68,2
85431.0,74,1165,17,0,4590,54,0
42664.0,59,24,5,1,4307,44,6
42586.0,71,252,16,2,4812,7,8
29760.0,41,165,12,1,4873,87,8
28973.0,49,269,13,0,4828,59,8
39435.0,53,102,7,1,4531,16,7
65370.0,42,461,19,0,4536,1,1
20194.0,47,47,7,1,4763,64,6
42473.0,50,144,10,2,4336,72,5
64590.0,58,1338,24,0,4827,98,6
71232.0,67,917,25,1,4417,91,7
34600.0,55,318,17,2,4748,8,8
46904.0,59,253,14,2,4807,20,8
49094.0,53,502,20,1,4850,6,6
36075.0,43,119,7,1,4406,54,6
60839.0,47,1250,29,2,4874,72,8
77298.0,47,969,24,1,4443,46,3
34026.0,76,76,9,2,4532,11,5
48918.0,63,62,7,2,4282,21,4
82122.0,64,1382,26,0,4522,89,1
37697.0,50,84,7,1,4346,82,6
34074.0,74,255,14,2,4555,69,6
28520.0,66,43,5,2,4584,55,6
62535.0,71,398,14,1,4473,13,3
36273.0,49,76,8,1,4278,80,6
63404.0,62,902,15,2,4227,97,4
75774.0,45,823,21,1,4262,27,4
78416.0,50,1179,26,1,4206,99,3
75702.0,52,1921,29,1,4827,87,6
59385.0,75,185,10,2,4631,85,5
37070.0,60,433,23,2,4670,30,7
44689.0,75,34,6,2,4374,82,7
53977.0,68,907,27,1,4590,21,5
7144.0,60,416,25,2,4408,92,0
18701.0,62,44,10,2,4594,95,5
90369.0,70,1588,17,0,4266,2,1
63159.0,52,1797,17,0,4805,74,3
37758.0,60,40,6,2,4837,49,8
46757.0,63,1143,21,1,4794,71,9
79734.0,57,914,14,0,4205,72,1
63207.0,34,1502,12,0,4729,68,7
72071.0,72,1338,20,1,4704,4,2
21840.0,43,27,5,1,4547,80,9
58582.0,44,763,22,1,4478,15,5
72282.0,75,1331,22,0,4549,70,7
50387.0,70,525,19,2,4506,91,5
32583.0,65,9,4,2,4218,10,7
62568.0,64,953,16,1,4287,99,4
44635.0,55,68,7,2,4465,25,7
33316.0,55,131,10,2,4472,34,6
63967.0,58,882,23,1,4528,57,2
52513.0,48,1149,25,0,4867,84,7
25293.0,57,37,5,1,4491,51,8
54111.0,61,388,15,1,4512,97,5
78394.0,40,1428,16,0,4703,13,2
80739.0,68,1633,24,0,4606,92,1
22669.0,51,173,10,1,4607,30,9
29236.0,39,99,9,1,4468,30,9
44911.0,67,215,12,1,4675,11,7
54693.0,64,929,31,1,4701,72,6
48186.0,52,219,12,1,4305,39,7
54809.0,49,174,12,2,4495,0,4
41580.0,48,92,9,2,4770,15,5
80336.0,56,1052,25,0,4497,12,1
47743.0,69,275,14,1,4668,56,6
62972.0,71,587,16,1,4899,39,6
57333.0,72,1662,33,1,4849,55,6
32313.0,44,159,11,1,4707,60,9
84953.0,73,1024,18,0,4595,73,2
27071.0,58,35,7,1,4271,90,6
68148.0,69,1042,15,0,4506,86,2
65735.0,61,395,19,2,4408,37,7
86836.0,51,557,23,0,4859,7,5
4023.0,63,9,15,2,4210,29,19
30093.0,36,69,6,0,4560,19,7
57705.0,60,486,18,1,4373,14,6
25008.0,38,34,6,1,4351,72,8
83257.0,31,1365,28,0,4853,56,6
22280.0,51,13,4,1,4610,85,8
72159.0,48,1401,21,0,4812,62,2
64260.0,65,1574,14,0,4738,1,3
82733.0,42,1323,20,0,4496,28,4
74290.0,55,1217,32,1,4525,70,6
58217.0,75,103,7,3,4793,84,6
21024.0,50,84,7,0,4564,89,7
70116.0,54,1536,23,0,4723,73,1
54006.0,41,581,18,1,4853,42,7
69063.0,60,928,14,1,4803,16,3
11448.0,51,14,4,0,4400,16,6
61825.0,47,424,15,1,4530,56,4
70886.0,55,960,14,1,4462,65,2
69109.0,44,1555,20,0,4801,10,4
60208.0,53,656,29,2,4834,13,7
32889.0,58,55,9,2,4500,78,5
34738.0,42,20,5,1,4253,51,6
30538.0,55,367,17,1,4840,27,10
82326.0,49,2257,22,0,4315,30,2
26642.0,59,42,7,1,4324,71,6
69932.0,62,1049,26,1,4586,97,4
44503.0,54,48,7,2,4278,83,6
60200.0,78,685,25,1,4747,3,6
49638.0,74,39,5,1,4275,71,2
23830.0,39,43,5,0,4346,3,7
33051.0,67,835,21,0,4886,15,9
72905.0,68,1515,20,0,4363,52,1
69702.0,75,1039,26,1,4699,8,4
70300.0,51,1596,26,1,4553,89,8
70643.0,42,1828,18,0,4826,66,6
30396.0,57,34,6,1,4264,22,7
50616.0,58,149,10,1,4276,56,7
62772.0,57,946,23,1,4610,74,2
30298.0,41,28,6,0,4245,48,3
52413.0,42,450,17,1,4807,67,7
44155.0,69,46,5,2,4365,24,4
86979.0,55,1702,16,0,4438,67,2
76532.0,51,820,25,2,4497,38,5
42081.0,44,382,15,1,4692,86,6
67546.0,38,2126,20,0,4871,90,3
88420.0,37,2069,20,0,4262,87,1
31158.0,41,72,7,1,4722,62,8
61671.0,58,732,28,1,4230,23,8
69719.0,52,801,11,0,4238,99,1
49160.0,77,236,12,1,4456,29,6
24882.0,48,80,5,1,4862,52,6
90933.0,72,1685,15,0,4294,90,1
113734.0,81,277,27,0,4236,9,1
59292.0,76,507,18,1,4585,71,3
45759.0,62,68,7,2,4695,13,7
22148.0,43,49,5,0,4281,16,7
73395.0,39,397,15,0,4307,94,2
29819.0,55,39,9,1,4452,77,6
45688.0,58,306,14,1,4359,20,4
62820.0,72,976,14,0,4618,51,1
60491.0,55,1028,28,1,4500,81,5
33235.0,40,70,7,1,4348,71,7
35701.0,67,46,5,0,4671,36,6
31535.0,46,51,5,1,4480,95,7
92556.0,66,1263,21,0,4274,32,0
67384.0,56,1490,22,1,4800,32,5
80573.0,55,1564,24,0,4827,85,2
77870.0,59,1815,18,1,4880,93,8
52278.0,63,1198,31,1,4724,24,8
57107.0,58,416,23,1,4878,44,8
18929.0,36,85,6,0,4702,15,6
36038.0,45,47,8,1,4598,82,6
20180.0,50,137,8,0,4698,27,7
34230.0,61,21,4,2,4754,72,7
31878.0,49,70,6,1,4211,7,3
70932.0,54,909,22,1,4365,57,3
91249.0,70,1676,22,0,4821,84,4
77598.0,83,1735,26,0,4475,53,3
80982.0,67,1191,30,2,4741,48,5
22701.0,49,24,5,1,4501,2,5
55212.0,57,1182,20,1,4787,65,8
70617.0,56,1280,14,0,4575,45,2
64849.0,69,1336,19,0,4797,42,5
62694.0,61,749,24,2,4581,29,7
61917.0,52,91,7,2,4425,83,5
67472.0,79,414,15,1,4478,93,3
21059.0,44,44,9,1,4377,40,6
29543.0,58,63,8,2,4293,47,7
75903.0,75,901,23,1,4651,50,3
34984.0,51,38,6,2,4865,40,7
54998.0,70,455,20,1,4680,3,4
54356.0,77,775,24,1,4791,62,8
34242.0,67,15,4,1,4302,25,5
25410.0,53,38,6,1,4506,48,4
73356.0,42,1512,22,0,4347,56,2
28320.0,76,43,5,1,4735,68,8
23763.0,49,42,5,1,4895,64,7
72570.0,42,1089,23,0,4269,67,1
34529.0,50,162,9,1,4857,94,7
70792.0,75,1272,19,0,4712,82,3
63211.0,44,1173,20,0,4808,3,2
83891.0,52,816,22,1,4213,24,1
36065.0,58,74,9,2,4659,54,8
39898.0,72,134,9,1,4706,20,7
51141.0,86,157,9,0,4560,96,5
56939.0,50,561,18,1,4488,19,3
80872.0,75,1336,19,0,4252,60,1
72335.0,50,2092,23,0,4889,2,8
61798.0,62,463,16,0,4422,13,4
76842.0,76,1130,17,0,4261,37,0
29478.0,50,20,5,1,4367,59,6
46998.0,70,377,18,1,4819,55,7
96843.0,36,1544,28,0,4636,60,2
56551.0,76,138,10,2,4257,48,4
70053.0,61,1012,26,1,4565,38,5
71670.0,64,1766,15,0,4559,8,6
44359.0,48,45,9,2,4216,19,3
40887.0,74,161,10,2,4623,32,9
48877.0,60,144,8,1,4379,27,7
74485.0,79,1734,26,0,4513,58,3
64474.0,54,823,22,1,4454,59,5
77226.0,63,1138,28,1,4325,29,3
72643.0,77,1429,21,0,4691,60,2
85738.0,48,1371,21,0,4361,41,1
55686.0,60,982,16,1,4704,27,4
39062.0,43,44,5,1,4300,28,4
34600.0,55,318,17,2,4748,8,8
40794.0,51,434,16,1,4652,18,7
54690.0,55,198,12,2,4438,76,3
4428.0,57,359,25,1,4471,0,1
32632.0,63,576,18,0,4900,32,5
38236.0,58,88,11,2,4486,2,7
36781.0,47,63,6,1,4284,16,8
31385.0,42,27,4,1,4775,56,8
24570.0,42,193,11,1,4691,97,9
25509.0,52,101,9,1,4853,15,9
94642.0,75,2211,21,0,4341,35,1
58646.0,64,140,8,1,4588,3,4
53201.0,51,415,22,2,4706,49,7
21994.0,69,22,4,1,4756,4,5
57113.0,48,263,16,2,4712,45,7
51373.0,35,393,12,0,4576,37,4
23477.0,40,147,10,1,4455,39,8
58116.0,70,443,16,1,4281,38,2
72968.0,63,1958,19,0,4399,8,3
39791.0,55,174,10,1,4662,89,7
91712.0,79,2217,27,0,4459,47,3
94472.0,68,1691,16,1,4291,75,5
13672.0,66,25,6,2,4642,86,8
96547.0,46,809,21,0,4241,4,2
79205.0,51,895,16,0,4873,73,4
56559.0,51,484,18,1,4755,46,4
32644.0,53,413,18,1,4733,38,8
67506.0,46,331,12,1,4382,73,3
24206.0,56,25,5,1,4682,66,6
28420.0,59,13,4,1,4391,36,6
22979.0,56,115,10,1,4865,29,8
33279.0,60,16,4,0,4221,29,3
46423.0,54,92,9,2,4488,6,7
30368.0,49,52,7,1,4438,97,8
63684.0,56,1464,23,1,4784,61,5
41638.0,62,441,17,1,4705,68,8
68805.0,67,283,12,1,4489,73,2
65814.0,60,747,23,1,4323,90,5
71964.0,68,1870,17,0,4609,81,3
39146.0,40,165,11,1,4704,1,8
96876.0,49,1941,24,0,4531,79,2
34445.0,45,839,27,0,4722,92,9
68281.0,68,1655,25,0,4895,31,5
37284.0,51,23,4,2,4661,46,6
36790.0,43,66,6,0,4689,14,9
27943.0,59,37,8,2,4644,89,8
22263.0,75,21,6,2,4295,31,6
30261.0,54,22,4,3,4846,75,8
28587.0,48,78,9,1,4341,42,6
43815.0,44,79,6,1,4654,53,6
48195.0,70,265,17,2,4363,53,6
77027.0,74,1175,19,1,4348,23,4
71322.0,61,1305,28,1,4702,57,4
32765.0,47,46,8,1,4330,49,5
29672.0,61,25,4,2,4678,6,6
23272.0,73,46,5,0,4459,29,4
49912.0,77,874,26,1,4864,5,8
7500.0,41,100,10,1,4901,98,9
68117.0,79,930,25,1,4680,80,6
67225.0,71,868,23,1,4419,4,5
17649.0,50,45,9,1,4433,70,8
55914.0,51,1260,29,1,4630,32,7
40059.0,42,414,12,1,4478,82,8
60905.0,76,392,15,1,4410,27,2
75330.0,49,1109,29,2,4837,94,6
60689.0,75,639,22,1,4597,23,3
38680.0,42,79,6,1,4662,97,7
61416.0,44,1665,24,0,4710,25,6
49767.0,35,692,18,0,4627,92,4
83273.0,56,1392,29,3,4846,98,7
29009.0,45,44,7,1,4416,19,6
45057.0,47,50,6,1,4414,80,5
37150.0,55,467,21,1,4860,80,7
43020.0,56,223,12,1,4415,79,6
53154.0,67,158,9,1,4224,50,4
65308.0,53,1211,28,0,4495,60,4
76467.0,56,1575,14,1,4885,44,6
81044.0,79,1208,22,0,4388,0,1
32871.0,75,43,5,2,4681,28,4
55801.0,51,527,21,2,4484,35,7
76320.0,67,932,15,1,4211,49,2
36927.0,71,71,8,2,4231,46,8
48794.0,73,54,5,2,4207,97,4
23478.0,61,129,7,0,4671,51,8
71128.0,53,1615,27,1,4835,80,7
70179.0,50,1034,26,1,4547,10,5
59462.0,76,1088,25,1,4744,29,7
38361.0,57,137,10,1,4388,74,7
70038.0,44,1244,17,0,4451,54,2
42554.0,48,41,7,2,4737,93,4
67445.0,52,1174,32,1,4890,63,6
67046.0,75,993,15,1,4743,92,2
42192.0,78,100,7,0,4500,40,4
77610.0,74,1680,17,1,4812,70,7
31761.0,42,98,9,1,4289,96,5
34350.0,47,48,5,1,4457,81,7
54591.0,77,519,19,1,4532,63,5
71866.0,70,715,20,1,4390,85,3
25293.0,57,37,5,1,4491,51,8
42000.0,39,653,20,0,4739,23,5
69520.0,43,1455,21,0,4561,95,5
64713.0,56,602,19,1,4346,11,4
27889.0,49,26,5,1,4563,42,6
22123.0,66,102,7,0,4298,77,5
27803.0,53,176,9,1,4876,40,8
51651.0,66,433,17,1,4803,32,8
68487.0,38,1366,30,0,4736,48,4
56796.0,57,1001,27,1,4702,24,7
87000.0,34,961,18,0,4765,61,2
79823.0,67,1518,23,1,4294,6,2
30828.0,46,56,8,1,4472,16,3
34109.0,55,22,4,1,4439,39,4
53367.0,52,400,21,2,4506,2,7
22390.0,57,26,4,0,4455,49,7
71322.0,50,350,13,1,4262,31,2
79244.0,33,1216,22,0,4761,58,1
49912.0,77,874,26,1,4864,5,8
48699.0,76,40,5,2,4608,90,5
80144.0,51,1367,19,0,4476,47,1
54252.0,70,264,15,2,4601,25,6
81929.0,50,2053,20,1,4842,60,6
76068.0,51,1376,10,1,4781,67,6
53204.0,50,45,5,2,4305,40,4
67911.0,77,976,27,1,4242,63,3
14796.0,42,51,6,1,4854,1,9
78128.0,52,1264,20,1,4334,89,3
14188.0,54,75,7,0,4690,40,6
20425.0,40,57,7,1,4812,5,7
58646.0,64,140,8,1,4588,3,4
72967.0,56,497,19,1,4765,1,5
48150.0,77,266,13,1,4590,24,7
82332.0,65,2006,21,0,4854,89,2
58275.0,71,615,23,2,4596,48,7
44953.0,45,1021,24,0,4759,31,6
34587.0,73,22,6,2,4248,68,4
43018.0,52,133,7,1,4444,46,5
45736.0,72,437,19,1,4544,92,7
66476.0,57,1013,26,1,4411,80,4
27733.0,45,57,7,1,4511,16,7
69805.0,74,1038,27,1,4363,50,2
72217.0,64,1573,22,0,4649,93,2
25818.0,55,28,4,1,4823,51,7
37509.0,50,123,9,1,4859,24,7
25176.0,50,13,4,2,4527,79,7
43586.0,46,132,10,1,4872,26,8
53230.0,70,732,23,1,4899,86,5
50116.0,69,66,7,2,4213,68,5
84906.0,54,1631,24,0,4472,98,2
61286.0,60,608,18,1,4535,34,5
82333.0,40,1822,18,0,4660,60,2
65220.0,61,1282,23,0,4868,3,6
33590.0,52,8,4,3,4442,65,7
30992.0,50,43,5,1,4637,83,7
72309.0,50,1931,20,0,4679,64,3
156924.0,77,8,0,0,4508,85,0
16005.0,46,103,8,1,4888,69,8
65487.0,69,1169,17,0,4374,48,2
58692.0,61,395,15,1,4288,21,7
40590.0,57,258,15,2,4474,30,6
20587.0,56,25,5,1,4253,39,7
62637.0,72,185,10,1,4324,76,2
29435.0,60,180,11,2,4896,11,9
19346.0,52,22,5,1,4354,26,8
35788.0,55,44,7,2,4361,34,6
36997.0,58,94,12,2,4717,72,5
23539.0,69,81,7,0,4325,13,6
65333.0,53,798,28,1,4367,58,6
78499.0,69,1334,19,0,4422,12,4
29732.0,55,38,5,1,4300,23,9
41275.0,66,61,11,3,4301,33,5
63516.0,53,300,16,2,4562,30,5
42769.0,64,88,8,1,4464,15,4
49572.0,68,54,7,2,4400,25,7
69209.0,54,1782,16,0,4854,4,4
17148.0,50,68,11,1,4356,80,8
40590.0,57,258,15,2,4474,30,6
30560.0,50,31,5,1,4571,6,7
32146.0,43,66,8,1,4252,16,6
41713.0,62,174,13,2,4265,57,6
34176.0,51,28,5,1,4362,9,3
58482.0,71,731,22,1,4313,59,6
59686.0,61,274,12,1,4359,78,4
60896.0,62,1701,26,1,4830,90,6
62994.0,46,312,13,1,4321,74,6
47320.0,69,414,20,1,4536,10,6
74859.0,77,1565,23,0,4595,63,3
15253.0,34,29,6,1,4448,13,7
31560.0,52,94,8,1,4574,98,8
72071.0,72,1338,20,1,4704,4,2
91172.0,36,1092,14,0,4663,94,3
90000.0,42,1479,18,0,4392,91,1
41967.0,45,54,5,2,4422,66,4
69263.0,61,568,18,1,4320,14,6
65706.0,56,1199,27,0,4570,77,7
60934.0,51,873,23,1,4367,41,4
71965.0,75,1213,17,1,4539,21,3
65210.0,71,731,22,1,4315,25,6
79174.0,51,2043,19,0,4738,2,2
81380.0,59,1893,17,0,4758,51,2
48432.0,53,424,19,1,4823,3,8
52914.0,55,575,15,1,4742,32,7
38946.0,71,257,12,1,4452,84,5
26067.0,52,56,9,1,4441,49,8
44325.0,54,542,21,1,4683,69,8
42523.0,62,125,7,0,4271,96,2
26487.0,48,69,9,1,4609,23,5
53233.0,69,40,5,1,4307,18,4
67716.0,66,1016,28,1,4739,8,5
76234.0,54,907,23,1,4347,21,3
84117.0,70,1566,24,0,4253,60,2
65487.0,69,1169,17,0,4374,48,2
25224.0,54,46,7,1,4309,36,3
89616.0,43,1644,25,0,4693,36,2
40851.0,55,59,5,2,4697,63,7
27469.0,79,17,4,0,4900,2,6
82347.0,69,1853,25,0,4804,38,3
73803.0,69,1528,22,1,4901,61,6
8820.0,74,35,10,2,4668,52,8
43322.0,52,141,8,0,4273,25,7
55593.0,53,546,17,1,4516,63,6
50501.0,72,500,20,2,4580,10,6
37085.0,51,61,10,2,4207,65,8
16185.0,36,106,8,1,4532,71,8
57731.0,57,704,26,1,4787,0,6
48432.0,53,424,19,1,4823,3,8
73807.0,48,849,23,1,4747,88,2
18929.0,36,85,6,0,4702,15,6
35893.0,58,199,15,2,4826,80,8
61014.0,46,1147,20,1,4891,17,7
32144.0,72,54,10,2,4302,76,7
14918.0,63,43,5,1,4773,52,6
45146.0,63,53,6,2,4553,28,4
41769.0,71,521,22,1,4705,31,8
88325.0,45,1623,18,0,4348,42,2
38054.0,76,45,7,2,4263,24,7
80617.0,31,1435,19,0,4829,42,2
5305.0,50,32,1,1,4538,12,13
36807.0,72,16,4,2,4760,88,6
28427.0,43,52,7,1,4669,67,8
82032.0,78,1234,17,0,4289,54,1
22775.0,48,15,4,1,4579,40,8
40101.0,41,415,17,1,4827,73,7
58025.0,47,470,18,1,4419,81,4
75777.0,44,1438,21,0,4564,12,1
7500.0,47,53,11,1,4622,7,7
33562.0,63,51,9,3,4208,33,4
57642.0,56,679,22,1,4375,24,4
58554.0,58,586,22,2,4845,55,7
63777.0,47,653,26,2,4666,87,8
57967.0,64,468,19,1,4687,39,5
24434.0,54,50,7,2,4246,9,7
11012.0,42,84,9,1,4674,82,9
44802.0,56,1049,27,0,4881,71,8
26816.0,40,22,4,0,4885,50,4
34421.0,52,30,4,1,4567,81,7
61223.0,59,1341,18,1,4585,46,5
64014.0,80,444,22,3,4223,56,7
56981.0,45,1241,19,0,4359,91,6
69245.0,70,843,23,1,4360,8,3
52869.0,72,172,11,2,4826,40,7
